,ID,Titre,Auteur,Temps de cr√©ation,Up votes,Poucentage des up votes,Nombre de commentaire
0,18ext8v,üáµüá∏ üì¢ Megathread and Discord Alert! üì¢üáµüá∏ - Dec 10th,sabbah,2023-12-10,68,0.95,83
1,194pudv,South Africa presents its case against Israel at the ICJ,sabbah,2024-01-12,173,0.94,23
2,198xy1r,"Palestinian Christian Humiliats Zionist ""Journalist""",No_Sun_8930,2024-01-17,959,0.94,34
3,198s716,Gaza‚Äôs children,polien,2024-01-17,701,0.98,21
4,198vqey,American logic,huth_13,2024-01-17,321,0.98,8
5,198nbnh,A deaf Palestinian expresses his joy after getting a sack of wheat,Hasu_Kay,2024-01-17,1526,0.98,38
6,19938bd,Israeli government spokesman Eylon Levy admits that IOF targeted journalists and reporters because they were khamas.,new-footage-guy1,2024-01-17,113,0.95,11
7,198vm4f,An update from Bisan,ubu-reine,2024-01-17,174,0.98,2
8,198ztzk,A sample of the racism faced by Arab Israeli citizens living in Israel,Particular_Log_3594,2024-01-17,94,0.97,2
9,198ufav,Reporter showing digged up cemetery by IOF in Gaza.,new-footage-guy1,2024-01-17,206,0.97,6
10,198r8ok,Why weren‚Äôt more videos of individual bloodthirsty soldiers like this shown at The Hague?,N0tT0daySatan1,2024-01-17,396,0.97,36
11,198zhn9,"Israel destroys more than 3,000 trees in West Bank.",Elon-Zusk,2024-01-17,81,0.98,5
12,198xw8f,Sheikh Jarrah 2021,No_Sun_8930,2024-01-17,92,0.96,2
13,198g5b8,Happening now Nasser Hospital via Bisan on Instagram,pumpkinzh,2024-01-16,1608,0.98,59
14,198w0wj,The video from Bisan last night at Nasser Hospital ,pumpkinzh,2024-01-17,101,0.98,1
15,198auyv,"Clare Daly: As Israel loses in the court of public opinion, we see desperate attempts to widen the conflict. All with the blessing and material support of the Butcher Biden.",hunegypt,2024-01-16,2480,0.86,209
16,198nuou,Bernie demanding the US hold Israel accountable for their horrific actions.,Slammber,2024-01-17,424,0.98,51
17,198md0e,Interesting to see if they succeed how much Democracy and Freedom will be in their future.,ruInvisible2,2024-01-17,450,0.98,15
18,198nquq,They encourage genocide while simultaneously claiming there is no genocide occuring,DoctorCodezZ,2024-01-17,341,0.99,14
19,198p4s5,"üá™üá¨üáµüá∏ - Protestors in Cairo, Egypt chanted,: ""They did it, Mandela's grandchildren, while we are in fear, shame, and humiliation,"" expressing solidarity with South Africa's case against the Israeli war on Gaza.",hunegypt,2024-01-17,227,0.98,21
20,198wyec,Anyone know where I can find the files for these (and similar) stickers so I can have them printed?,like-water,2024-01-17,45,0.98,3
21,198zgq3,invading Settlers hurl stones and a stun grenade at Palestinian properties.,Elon-Zusk,2024-01-17,26,0.93,5
22,198rpl5,Israel pays thousands of people to post on message boards using pre prepared list of messages compiled by the Ministry of foreign affairs made to appear personal (one minute video),OkArrival9,2024-01-17,89,0.92,6
23,198i5ps,AppArently these people think that Palestinians and Arabs don't deserve any help. Some of the replies in this post are just as bad.,-Nathan02-,2024-01-16,385,0.98,58
24,198o8bw,Verify your hu.anity,larzvl,2024-01-17,139,0.96,6
25,198sl8w,Why isn‚Äôt Christian Zionism not talked about?,stanoflee,2024-01-17,56,0.91,15
26,1987lsp,I stand with Palestine.,FroggstarDelicious,2024-01-16,935,0.98,11
27,198jn71,Israel is indoctrinating its children on how to kill Arabs during school trips.,roydez,2024-01-17,183,0.95,9
28,1991lm5,The One State Solution is the ONLY Solution - Miko Peled,Yakel1,2024-01-17,9,0.8,1
29,198tqwx,Biden‚Äôs March to War. US and UK attacks on Houthi targets threaten to drag the US into yet another Middle East quagmire,richards1052,2024-01-17,26,0.85,2
30,19887ci,"Israeli Congresswoman Tally Gotliv speaks on the Knesset on why Israel must keep Palestine hungry, thirsty and without access to medicine",kwamac,2024-01-16,631,0.99,33
31,198x34c,Fingerprints,arts_hole,2024-01-17,13,0.85,1
32,198q61h,The vigil held at brown university I went to a few months ago,Ok_Possibility_5323,2024-01-17,49,0.96,1
33,198l5qj,"Gaza only has several working ambulances, so they have resorted to using donkeys to get people to the hospital.",RedWolf84,2024-01-17,107,0.96,3
34,198zc2z,Israel's War on Journalists,MooreThird,2024-01-17,10,0.86,2
35,198ql0w,"Lt. Col. Oren Schindler, commander of the 74th battalion of the 188th brigade, said during a live radio interview on 103FM: ‚ÄúWe need to make sure that wherever the IDF meets Gaza there is devastation‚Äù Schindler added that his battalion was itself responsible for such devastation.",hunegypt,2024-01-17,42,0.96,2
36,198h99n,One hundred days of the imperialist-Zionist genocide in Gaza,BitterFun8229,2024-01-16,152,0.97,4
37,198miuy,"There is no pride in apartheid, queers for Palestine",Last_Tarrasque,2024-01-17,74,0.9,15
38,19828wt,This video must be brought to the ICJ. IDF use of Human Shields,rayanspawn1,2024-01-16,1009,0.97,47
39,198l0gb,Displaced people leave Nasser Hospital in Khan Yunis due to the continued bombing in its vicinity.,RedWolf84,2024-01-17,89,0.94,1
40,198feud,Footage shows mobile phone shop owner Baha Abu Ras being used as a human shield by an Israeli soldier during a military raid,RedWolf84,2024-01-16,179,0.96,6
41,1986zba,"Footage: Palestinian Resistance, AL Qassam engaging with Israeli Occupation Forces in Gaza, using an IED and 105 Yasin rocket. Also showing the dogtags collected from the APC.",Dahlan90,2024-01-16,441,0.98,37
42,198vsu4,How do I avoid investing in zionist companies through stocks and shares?,IQuiteLikeWatermelon,2024-01-17,11,0.79,4
43,198u09j,UPDATE: I am going to make a tributary website for the martyred journalists in Gaza.,saqibhssn,2024-01-17,13,0.93,1
44,198ldzr,Amputating his leg to free him from the rubble. Imagine people talking about how much of your flesh and bone are left and hearing a grinder go at it,njiq30,2024-01-17,59,0.95,1
45,197z5dp,"""Palestinians civilians are the aggressors"" How much more evil can you get?",TheExperimentalDoge,2024-01-16,1270,0.93,123
46,1991bi3,Israel‚Äôs lies on human shields by Owen Jones,Garlic_C00kies,2024-01-17,3,0.64,1
47,1985bwd,"Israeli soldiers spray-painted genocidal messages inside one of Gaza's houses: ""Humanitarian aid = burial coffins.""",ChantillyMenchu,2024-01-16,438,0.98,31
48,198c7vg,"""Let my heart be still for a moment""",No_Canary_9928,2024-01-16,153,0.96,1
49,1980agv,Israel now running ads for ‚ÄúHague‚Äù Google searches. I tried it out now and it actually comes up.,hunegypt,2024-01-16,773,0.98,57
50,198yq0u,The Decimation of Gaza and What Happens Next with Rashid Khalidi - Factually! - 244,MooreThird,2024-01-17,4,0.75,1
51,198if45,ABC Sydney staff threaten to strike over termination of radio host Antoinette Lattouf,Lamont-Cranston,2024-01-17,57,0.95,2
52,198qcl5,IMDB new low: inhumane synopsis about the documentary Ki**ing Gaza (2018) about the war on Gaza 2014. and this documentary is also removed from the Gaza-supporter journalist's Wikipedia page.,TareQ_X,2024-01-17,18,1.0,1
53,198oegq,Israeli government spokesperson Eylon Levy grilled on South Africa genocide charges,harisshahzad98,2024-01-17,24,0.96,4
54,198nrm8,IDF Retreating?! Bibi Fights With War Cabinet?!,Mynameis__--__,2024-01-17,22,0.87,2
55,198cnpr,We speak the language of liberation.,FroggstarDelicious,2024-01-16,96,0.96,2
56,197y3go,Israeli rabbi justifies killing of babies,shqear,2024-01-16,726,0.98,36
57,198ddaf,"Cops Manhandle Pro-Palestinian Protester, Do Nothing After Driver Hits Protesters",Prudent_Bug_1350,2024-01-16,74,0.96,6
58,198gqa0,"Turns out ‚ÄúIsrael has a right to defend itself‚Äù actually meant ‚ÄúIsrael has a right to commit genocide, and no other countries have a right to stop it.‚Äù",ExtHD,2024-01-16,50,0.88,1
59,198frh6,Israel occupation forces drone killed ex-soldier who crossed into Gaza,duderos,2024-01-16,45,0.96,6
60,197yuwi,Khamad did it!,SapienMystique,2024-01-16,483,0.98,8
61,1984zol,"Meet my grandmother‚Äôs uncle: Fouad Hijazi, hero of the Buraq revolution",hakim_althawra,2024-01-16,157,0.98,5
62,197x1st,I started killing ants out of boredom,nihaaao,2024-01-16,606,0.86,63
63,198a7y2,Soldiers and Settlers Palestinians from village of Qusrah in two days.,Elon-Zusk,2024-01-16,73,0.95,2
64,1986iw7,Settlers vandalizing in a Palestinian village.,Elon-Zusk,2024-01-16,96,0.95,3
65,197yi51,‚ÄúWe don‚Äôt care about international law and human rights‚Äù. Former Jeremy Corbyn aide Andrew Fisher criticised the actions of the west over airstrikes in Yemen last week.,isawasin,2024-01-16,357,0.98,10
66,198zw91,news coverage in Germany and ICJ partisanship,melonana-,2024-01-17,1,1.0,1
67,197w9yk,Why do people genuinely with their heart believe that Hamas attacking Israel warrants them killing civilians in cold blood that had no say in it??,SpokenWordPoet,2024-01-16,455,0.98,78
68,1987psa,"Obama knew what could bring agreement between Israel and Palestine. He even told Netanyahu ‚Äî Obama let Netanyahu know, in no uncertain terms, that he regarded settlement building as ‚Äúillegitimate.‚Äù",BlankVerse,2024-01-16,66,0.91,12
69,19890bm,IOF pointing a gun at a Palestinian probably using him as human shield says Middle East Eye (MEE),Garlic_C00kies,2024-01-16,53,0.92,2
70,1986kq0,Israeli Occupation once AGAIN demolishes most residential tents!!!,Elon-Zusk,2024-01-16,64,0.97,2
71,198rwav,"For those in Canada wanting to view the news on Instagram, there's a workaround (on Desktop)!",Past_Performer_5224,2024-01-17,2,0.67,1
72,198xthk,"Israel‚Äôs Divide and Conquer Strategy, Explained",MooreThird,2024-01-17,1,0.55,1
73,198o0tu,"I was scrolling the radio dial yesterday and heard this. Today I did some digging and all the programs on KIRO news radio have podcasts except The Jack Stine & Spike O'Neill Show for January 15, 2024. If it wasn't for KIRO Nights with Jake Skorheim there would be no proof",MannyMannyMapleJugs,2024-01-17,6,0.88,4
74,197pfzs,61% of Germans think that Israel's military actions in the Gaza Strip are unjustified,ChantillyMenchu,2024-01-16,969,0.98,75
75,197lyre,The state of the British Parliament‚Ä¶ God bless Zarah Sultana,hunegypt,2024-01-15,1408,0.97,68
76,198fhkm,"Brain Rot: How the Economist misused the term ""genocide""",MooreThird,2024-01-16,19,0.83,1
77,198ht0r,David Ben-Gurion sounds like an cartoon villain. He chastised german jews fleeing the nazis for being too pro arab as he put it,greendayfan1954,2024-01-16,13,1.0,2
78,197xk4o,"Abducted by Israeli Forces During Ground Invasion, Gaza Journalist Recounts Harrowing Detainment and Abuse",thriller1995,2024-01-16,212,0.99,7
79,198ebe4,An Arizona Pilot goes BEZERK on Palestinian protesters.,RedWolf84,2024-01-16,14,1.0,2
80,197rmgm,wait a minute..... but there was no Palestine!!!,GunpowderPeachRider,2024-01-16,405,0.97,35
81,198aq8j,"Chet Gardiner made this video for the song ""In One World,"" which I wrote in 2002. He also added the lovely instrumentation. More songs and videos like this one at davidrovics.com/palestine.",davidrovics,2024-01-16,20,0.83,1
82,1980fpx,How Israelis are Brainwashed,MooreThird,2024-01-16,80,0.92,2
83,198dh3u,Konstantinos Papadakis: Stop the massacre in Gaza immediately and condemn Israel for genocide (KKE - Communist Party of Greece),greekcommunist,2024-01-16,12,0.94,1
84,1986syu,Palestine Solidarity Protesters Mark 100th Day Of Israel‚Äôs War On Gaza,SecretPay5196,2024-01-16,30,0.95,1
85,198954f,"Israeli occupation troops in Gaza found a Jewish cemetery for soldiers killed in WW1, maintained in pristine condition in the ""Hamas-run Gaza"". And they proudly posted photo-ops in front of it without even realizing it undermines their main propaganda",Alsharefee,2024-01-16,21,0.96,2
86,198lppu,Why don't the people in charge at the IOF tell their soldiers to stop showing the world they're proud murderers on social media?,NatashaLovesEmDashes,2024-01-17,5,1.0,3
87,197hx1l,LBC interview with Regev - this is a good watch,pumpkinzh,2024-01-15,1176,0.98,82
88,197z2wc,Maltese NGOs have written an open letter to Foreign Affairs Minister lan Borg calling on Malta to join the International Court of Justice case filed by South Africa accusing Israel's genocide in Gaza.,InformalFly3000,2024-01-16,88,0.97,1
89,198jn66,"1946 Palestine district map with percentages and calculated estimates of absolute amount of Jews and Palestinians, overlayed with the proposed borders of the 1947 UN partition plan.",osmapasgeograficos,2024-01-17,3,0.72,3
90,198brvi,Boycott help,soulvents23,2024-01-16,13,0.81,6
91,198490i,"How Israeli forces trapped and killed ravers at the Nova Festival. New evidence points to Israeli security forces, not Hamas causing the most fatalities at the music festival - civilian deaths that were then utilized to justify Tel Aviv's Gaza genocide.",Critical_Cursor,2024-01-16,33,0.89,1
92,197nlam,Having fun in a children‚Äôs room after it is destroyed,shitraelsux,2024-01-15,427,0.96,39
93,197bzwf,Do you condemn the IDF?,416_LateNights,2024-01-15,1309,0.96,160
94,197zqrr,"This past week, we all became South Africans | Israel War on Gaza",Si_Vis_Pacem-,2024-01-16,47,0.89,1
95,19869yr,How Does the Rest of the World Views GAZA | Professor Leila Farsakh | HR...,thehomelessr0mantic,2024-01-16,15,0.94,1
96,1980sx1,"""Genocide Joe: The blood is on your hands!"" - Medea Benjamin Speaks at the March4Gaza",Joonam_s2,2024-01-16,35,0.85,1
97,197dxmn,"""From Kashmir to Palestine, Occupation is a crime!""",Astonford,2024-01-15,768,0.96,33
98,197xooo,I am going to make a tributary website for the martyred journalists in Gaza.,saqibhssn,2024-01-16,44,0.93,10
99,197v08z,"to break through a safe and steal possessions from a Gazan family, who had to evacuate their home upon the IDF's request.",sheeshing123,2024-01-16,70,0.9,5
100,197woiq,British Palestinian activist to challenge Israel apologist Wes Streeting for Ilford North,Egg-Custard-Shart,2024-01-16,52,0.96,2
101,197xbjx,No More Excuses For Gaza Silence,Joonam_s2,2024-01-16,41,0.96,2
102,197wfc6,"For the Aussies, Lawyers for Israel wrote to people at the ABC including chair Ita Buttrose and managing director, David Anderson, demanding that Lattouf be sacked",zzzip101,2024-01-16,42,0.97,5
103,197gf1a,Don‚Äôt let anyone tell you it started on October 7th,yankees190,2024-01-15,363,0.95,12
104,1978340,Israel pays Google to manipulate search results on ICJ genocide case,mortalaa,2024-01-15,1038,0.97,74
105,1975h7w,Powerful testimony from the one and only Wael Al Dahdouh ,isawasin,2024-01-15,1556,0.98,37
106,197m2qc,White House Says It's 'Right Time' For Israel To Scale Back Gaza War,Gamecat93,2024-01-15,152,0.97,16
107,197ykgs,Israeli forces detain 35 Palestinians from the West Bank,Cultural-Onion5001,2024-01-16,20,0.89,0
108,197bnsf,"COGAT, Israeli agency responsible for aid and the *exclusive source* for Israel‚Äôs ICJ defense of humanitarian conditions to Haaretz yesterday: ‚ÄúThere is no hunger in Gaza. There were stockpiles of food in Gaza. Don't forget that this is an Arab population whose DNA is to hoard.‚Äù",hunegypt,2024-01-15,507,0.98,45
109,197uje3,Friendly fire may have killed their relatives on Oct. 7. These Israeli families want answers now,Critical_Cursor,2024-01-16,42,0.95,4
110,197c69r,See what zionist education is and how it creates a genocidal society.,RedMenace-1798,2024-01-15,425,0.95,14
111,1978zx0,CNN have to get approval from the Israeli regime before reporting news about Gaza ‚§µÔ∏è,sabbah,2024-01-15,554,0.97,20
112,197i24d,Majority of Israelis favor voluntary relocation of Gazans: poll - The‚Ä¶,maubyfizzz,2024-01-15,145,0.95,30
113,19759v3,"Benjamin Netanyahu has declared that ""no one will stop"" him and the Israeli military in its destructive campaign in Gaza.",InformalFly3000,2024-01-15,850,0.96,125
114,197etvq,Al Jazeera: two captives killed in Israeli air strikes - Qassam Brigades,Mooraell,2024-01-15,194,0.94,17
115,1975ws9,Ben-Gvir advocating for the boycott of Turkey and Turkish products. I guess boycotting is a legitimate weapon when it‚Äôs encouraged by Israel and illegitimate when it‚Äôs encouraged by Palestine. ü§∑‚Äç‚ôÇÔ∏è,hunegypt,2024-01-15,555,0.98,40
116,1975vnb,Gallant calls Turkey ‚Äòexecutive arm of Hamas‚Äô over Israeli footballer‚Äôs arrest,Mooraell,2024-01-15,521,0.97,105
117,1974s7s,"Hold up. On Yair Netanyahu's Instagram, his bio says ""from the river to the sea this flag is all you'll see"" Soooo, genocide and ethnic cleansing of Palestine and the removal of the Palestinian flag is confirmed in his bio? No Palestinian flags in sight? WTAF?",reedipie108,2024-01-15,617,0.97,26
118,196yzlg,"Celebrities endorsing genocide should makes us lose all respect for them, if we had any respect for them to begin with",Mimi_Machete,2024-01-15,1572,0.97,165
119,1977x5k,Jeremy Corbyn: The UK government‚Äôs continued refusal to call for an immediate ceasefire is an utter disgrace ‚Äî and amounts to complicity in the massacre of the Palestinian people,sabbah,2024-01-15,288,0.96,12
120,197l3d7,Content policy of social media platforms,caressingleaf111,2024-01-15,42,0.95,1
121,197cqip,Israeli Police injures ‚ÄòAbdallah Abu Rahma during a protest.,Elon-Zusk,2024-01-15,119,0.94,4
122,197ofe9,Protest in Switzerland: Not neutral on genocide üá®üá≠,melonana-,2024-01-16,26,0.97,2
123,197jckp,Secret WhatsApp messages show co-ordinated campaign to oust Antoinette Lattouf from ABC,Lamont-Cranston,2024-01-15,51,0.92,4
124,19798l7,"Those who think Yemen is going to roll over in the face of obtuse, belligerent
violence.
Those who think they support Palestine
because of religion.
They have no clue how well Yemen knows the brutality and inhumanity of colonisation. And what it takes to end it.
But Yemen remembers.",isawasin,2024-01-15,177,0.93,6
125,1978o6r,"""We Occupy, We Cleanse, We Settle"", In case you missed the tens of statements from Israeli officials declaring and ordering committing genocide ‚§µÔ∏è",sabbah,2024-01-15,182,0.96,14
126,197fw74,For the right to return.,juliamailinnea,2024-01-15,61,0.85,1
127,196qjw8,"He didn't receive the answer he desired from the Chinese official, as the question, 'Do you condemn Hamas?'‚Äîan infamous and racist question‚Äîelicited the correct response from the Chinese official.",sabbah,2024-01-14,2947,0.96,272
128,19781s9,‚ÄúThis is a home for one who we selected. We did a great renovation for him. Let‚Äôs look. He deserves this.‚Äù Israeli soldiers randomly selecting civilian homes and blowing them up,sabbah,2024-01-15,156,0.92,22
129,197afzu,In western media Israelis are slaughtered while Palestinians ‚Äúdied‚Äù. Israeli deaths mentioned 16x more than Palestinians.,OkArrival9,2024-01-15,103,0.95,10
130,1974pe6,Hundreds gathered at Johannesburg‚Äôs international airport to welcome the legal team that represented South Africa at the ICJ in its case against Israel for committing genocide in Gaza.,hunegypt,2024-01-15,285,0.97,7
131,197mpdu,Has anyone had success connecting with Nakba descendents from their families?,HKJ-TheProphet,2024-01-15,23,1.0,1
132,1977p8h,"Jewish American activist Simone Zimmerman discuss why Jews, and in particular Jewish Israelis, are calling for a ceasefire in Israel‚Äôs war on Gaza ‚§µÔ∏è",sabbah,2024-01-15,149,0.95,2
133,1977xnn,An Israeli sniper poses in an occupied Palestinian house in Gaza and hangs personal belongings of displaced women on the wall,sabbah,2024-01-15,145,0.96,26
134,197f6ag,Gaza Civilian narrowly escapes tank shell while recording ,njiq30,2024-01-15,52,0.88,2
135,197nqpd,Jewish Anti-Zionist Activists Mobilizing Against War Are Finding a New Community,Housing_Justice,2024-01-15,18,0.92,2
136,1975o3q,David Cameron saying there's no intent for genocide followed by a load of evidence proving him wrong,pumpkinzh,2024-01-15,204,0.97,25
137,1977m75,The South African legal team that presented last week‚Äôs Gaza genocide case to the International Court of Justice was cheered and applauded by waiting crowds when they returned to an airport in Johannesburg ‚§µÔ∏è,sabbah,2024-01-15,141,0.96,2
138,1978wqi,"""... This did not start in Oct 7th... I condemn Israel for every single day since it was born!"", Alana Hadid, Jan 13, 2024, Washington, DC",sabbah,2024-01-15,108,0.91,3
139,197j3uq,Why Is Namibia Furious At Germany's ICJ Zionist/Israel Defense?,Mynameis__--__,2024-01-15,29,0.88,1
140,1978rr0,"OCHA oPt (Palestine): ""Some people have not eaten in days. The children have no winter clothes. There's no medical care... Five families are staying in one tent."" Olga Cherevko (OCHA staff) speaking from Gaza, 100 days into the war ‚§µÔ∏è",sabbah,2024-01-15,108,0.96,2
141,196pcm3,Game of Thrones stars and other actors read South Africa's case file charging Israel with genocide at the,sabbah,2024-01-14,2436,0.93,76
142,1976puh,"Bosnian author Lana Basta≈°iƒá quits ties with her German publisher S. Fischer Verlag, saying it has ""failed to be vocal about the ongoing genocide happening in Gaza"" and has also ""kept quiet on the systemic and systematic censorship happening in Germany"".",hunegypt,2024-01-15,146,0.97,5
143,1978hyt,"Wael Dahdouh's message to President Biden: ‚Äú... I demand from the American president... to look at what's happening, to listen to people, ordinary people, who are paying the cost. They have every right to secure their rights as human beings, as partners in humanity.‚Äù ‚§µÔ∏è",sabbah,2024-01-15,95,0.97,3
144,197cq8p,Israeli Border Police cheer officer for hitting protester in leg. (two female officers within the group),Elon-Zusk,2024-01-15,58,0.93,2
145,196x8hw,"Zionists are absolutely insane, a comment on a picture of a child with unimaginable burns",The18thGambit,2024-01-15,748,0.99,65
146,197dh71,Map of Heritage Sites destroyed in Gaza,swanlake1875,2024-01-15,41,0.91,2
147,19788vg,"‚ÄúIf you want to use your leverage, use your leverage.‚Äù Daniel Levy on the disconnect between Biden‚Äôs support of Israel & reported frustration in negotiations. ‚ÄúYou've chosen to give Israel a blank check. Much of the world sees this as not just Israel‚Äôs war but America‚Äôs war.‚Äù ‚§µÔ∏è",sabbah,2024-01-15,82,0.95,4
148,197jlht,Washington Post ‚Äúhit piece‚Äù,Impressive_Scheme_53,2024-01-15,22,0.85,2
149,197fphq,A picture of Indonesian fans displaying the Palestinian flag during their game against Iraq at the Asian Cup 2024.,hunegypt,2024-01-15,33,0.86,1
150,196uwxo,Bangladesh supports South Africa‚Äôs genocide case against Israel at ICJ,Mooraell,2024-01-15,747,0.99,37
151,197k72l,"The Palestinian Hatikvah, written by me!",MexicanMonkeyBalz07,2024-01-15,16,0.82,1
152,19794lt,"‚ÄúAs the president of a medical humanitarian organisation, I urge ‚Äì implement an immediate ceasefire to allow humanitarian aid into Gaza.‚Äù - Dr Christou calls for an immediate ceasefire in Gaza ‚§µÔ∏è",sabbah,2024-01-15,54,0.91,2
153,197c00b,It‚Äôs MLK Day today in the US. His words are very relevant today for what the West is doing to Gaza. Use this thread to post other MLK quotes that are applicable!,earlyearlgray,2024-01-15,37,0.91,3
154,1979kgs,"French historian: Israel destroyed 4,000-year-old culture in Gaza",Yakel1,2024-01-15,48,0.93,4
155,1978n1f,Washington DC 1.13.2024,ncream1,2024-01-15,49,0.89,3
156,196yi5t,Today in San Francisco.,FroggstarDelicious,2024-01-15,296,0.98,12
157,197bm4j,Tunisian solidarity art.,Elon-Zusk,2024-01-15,30,0.85,1
158,196le7d,The Embassy of Israel claims on Twitter that there were tens of thousands of people protesting on the streets of London but the aerial shot tells a different story.,hunegypt,2024-01-14,1551,0.98,158
159,1977qkr,Indonesians flew kites in the colours of the Palestinian flag as part of ‚ÄúFly A Kite For Gaza‚Äù events held around the world.,sabbah,2024-01-15,46,0.92,2
160,196p3u1,Ireland: pro-Palestine protest,sabbah,2024-01-14,856,0.98,16
161,19790fu,Israel looking to seize control of Gaza-Egypt border,Fit_Dog_123,2024-01-15,32,0.85,3
162,197b0g4,Zionism Betrayed Jewish Theology By Colonizing Palestine,Mynameis__--__,2024-01-15,21,0.86,2
163,1973vx1,Jean-Luc M√©lenchon: We Should All Be Thanking South Africa,failed_evolution,2024-01-15,60,0.95,1
164,1977tdp,100 Days of Israel's War on Gaza: By The Numbers,sabbah,2024-01-15,26,0.9,1
165,196h35g,Western media genuinely boils my blood.,SuitableSympathy2614,2024-01-14,1421,0.92,128
166,197636r,Nazi vs Zionist quiz,Mooraell,2024-01-15,33,0.88,10
167,1977awp,"Why the ICJ Genocide Case against Israel Matters, discussed by Jewish South African and former member of parliament, Andrew Feinstein",partyhesitancy,2024-01-15,25,0.81,2
168,197auff,"March for Palestine, London 13/01/24",haywire,2024-01-15,14,0.85,2
169,196l3ye,Gaza kids praying for the war to end. (edit: Palestinians not Syrian),Elon-Zusk,2024-01-14,748,0.98,15
170,196nyo0,Thousands in Gaza took to the streets in search of food as the hunger crisis hit an unprecedented level after Israel‚Äôs assault on Gaza reached 100 days. Israeli forces opened fire on civilians and reportedly killed five.,sabbah,2024-01-14,494,0.97,41
171,1975y6w,Bassem Youssef handles a zionist with aplomb,isawasin,2024-01-15,27,0.82,1
172,197gx5b,Could anyone direct me to where I could find pictures or names of some of the victims of this genocide for a remembrance piece I‚Äôm writing?,Lets_Not_Date,2024-01-15,5,0.78,3
173,196hila,"Aljazeera: Israel has bombed and attacked Gaza for 100 days straight, killing close to 24,000 Palestinians. Here are just some of them ‚§µÔ∏è",sabbah,2024-01-14,1015,0.97,57
174,1970zen,Palestinians say Israeli soldiers using heavy-handed tactics in West Bank,Fit_Dog_123,2024-01-15,66,0.94,6
175,196htxm,"The First Lady of Namibia, Monica Geingos: ‚ÄúThe build-up to the Herero-Nama genocide in Namibia, perpetrated by Germany, started on 12 January 1904. The absurdity of Germany, on 12 January 2024, rejecting genocide charges (...)""",soapsuds202,2024-01-14,752,0.99,25
176,1975pvf,how many hospitals have been targeted in Gaza?,sabbah,2024-01-15,22,0.92,1
177,196o1jv,Jewish protestors led by historian Barnaby Raine chant 'From the river to the sea' in London on Saturday as they stood in solidarity for Palestine and demand for a ceasefire in Gaza,sabbah,2024-01-14,289,0.96,9
178,196qn56,"Entire families in Gaza are surviving on one plate of food per day, and the UN warns Palestinians there are on the brink of famine",sabbah,2024-01-14,211,0.97,10
179,196h6b7,Footage: Palestinian Resistance (Al Qassam) engaging with Israeli Occupation forces in Khan Younis,Naturebuoy,2024-01-14,681,0.98,67
180,196alq3,So boycotts are fine now? I thought it was discriminatory and antisemitic ü§∑‚Äç‚ôÇÔ∏è,hunegypt,2024-01-14,2293,0.96,197
181,196xpwf,US government employees plan walkout over Biden‚Äôs Gaza policies,Responsible_Plant847,2024-01-15,67,0.97,2
182,196p96e,"Israeli Terrorist knocking 11-year-old to the ground, minor abuse.",Elon-Zusk,2024-01-14,186,0.97,13
183,196y119,ŸàŸÅŸä ÿßŸÑŸÇŸÑÿ®... ÿ∫ÿ≤ÿ©,BuraqWallJerusalem,2024-01-15,46,0.93,1
184,1970s1t,"President Joe Biden‚Äôs Statement after 100 days of Israel-Hamas conflict only mentions hostages, none of the Gazans killed/starving.",CrimsonRedditor,2024-01-15,27,0.92,3
185,196njgr,Just horrible and inhumane ,coconutblisss,2024-01-14,161,0.96,9
186,196pvgl,Displaced Palestinians salvage what remains of flour from their destroyed homes in Gaza,sabbah,2024-01-14,116,0.96,3
187,196vm5x,"Israel and the U.S. Are Already Feeling the Weight of Houthi Justice | For better or worse, the Houthis are the only political and military force doing anything practical to demand that Israel pay for its acts.",ExtHD,2024-01-15,57,0.9,1
188,196pc6m,Dirty secret of Israel‚Äôs weapons exports: They‚Äôre tested on Palestinians,Fit_Dog_123,2024-01-14,119,0.96,8
189,1965kzy,"Reportedly 400,000 people protested in DC today and also in front of the white house - the largest Palestine protest in the history of America. And none of the American mainstream media cover it in a serious manner.",rexaby,2024-01-14,3010,0.92,211
190,196omck,A 'Failure of Humanity': A U.S. doctor describes the staggering and devastating situation in Gaza hospitals.,sabbah,2024-01-14,111,0.95,4
191,196jwia,"Biden ""running out"" of patience with Bibi as Gaza war hits 100 days",MooreThird,2024-01-14,205,0.96,95
192,196x6hg,How to Justify an Atrocity,MooreThird,2024-01-15,33,0.93,6
193,1975m2y,3d help needed to help Palestine Kids,NLeongard,2024-01-15,9,0.79,2
194,196jg2g,"100 days of genocide. 100,000 Palestinians killed, missing or wounded by the IDF.",FroggstarDelicious,2024-01-14,187,0.96,14
195,196q2li,Settlers vandalize and rob Palestinian home THREE Times in a Month!,Elon-Zusk,2024-01-14,74,0.94,5
196,196j9lc,A cool guide to genocide,PAKiWASi,2024-01-14,164,0.97,8
197,196knfi,"""Conquer and Divide""",Elon-Zusk,2024-01-14,129,0.95,5
198,196xcgp,I don't care your ships are getting delayed in an attempt to stop a genocide of an oppressed people from happening.,rexaby,2024-01-15,24,0.87,0
199,196eat8,A video of protesters in South Africa marching against the Israeli war in Gaza and in solidarity with the Palestinian people.,hunegypt,2024-01-14,300,0.96,5
200,196ow3h,UNICEF spokeswoman Tessa Ingram reveals the intense struggle to provide assistance to the civilian population amidst the crisis in Gaza,sabbah,2024-01-14,66,0.94,3
201,196hgon,Doctors in Gaza using their phone lights to check on infants,soapsuds202,2024-01-14,146,0.95,5
202,1970prl,‚ÄúMost democratic country in the world‚Äù,killme-nowplease28,2024-01-15,10,0.76,1
203,196jfv1,Israeli Terrorists once AGAIN confiscate residential tents leaving Families and Kids homeless.,Elon-Zusk,2024-01-14,102,0.95,22
204,196yvdk,Solidarity in Life and in Death,NummyLongHog,2024-01-15,14,0.89,2
205,196q735,"With all eyes on Gaza, Israeli settlers are waging a second Nakba in the West Bank",Si_Vis_Pacem-,2024-01-14,45,0.91,1
206,19648yq,Israelis are just unabashedly lying and making things up without even bothering,rexaby,2024-01-14,1457,0.97,177
207,196u69t,Why I risked prison to shut Elbit down,Yakel1,2024-01-14,25,0.88,1
208,196lhq0,"The Asian Cup in Qatar opened with the Shemali Tarwedeh, a Palestinian folk song with encrypted messages, sung by Palestinian women to those who were imprisoned by the British and Ottoman authorities. It was used to deliver secret messages about plans to break them free from custody.",hunegypt,2024-01-14,70,0.93,9
209,196fnxa,Revealed: A British Charity Gave Over ¬£1m to ‚ÄòIsrael‚Äôs Largest Militia‚Äô | Novara Media,silly_flying_dolphin,2024-01-14,152,0.97,6
210,195z7iw,"Around 500,000 people in London showed up in a show of their support for Palestine",rexaby,2024-01-13,2630,0.9,101
211,1977ns6,Why has the 2023-2024 conflict had the most Palestinian casualties than the others?,jtxhob,2024-01-15,2,0.67,5
212,196nro8,"100 days of devastating Israeli attacks on Gaza marked by war crimes, genocide trial",sabbah,2024-01-14,44,0.88,1
213,1962rzz,"Several dozens of thousands, according to some over a 100 thousand, march in Washington for near 5 hours and are now in front of the White House in opposition to their aggression against Palestine",rexaby,2024-01-14,1371,0.98,60
214,196enoe,Gaza's Afro-Palestinian Wonderkid,AfricanStream,2024-01-14,161,0.95,8
215,196q4r1,"In Gaza, you don‚Äôt only see death. You smell it. You breathe it",Si_Vis_Pacem-,2024-01-14,32,0.86,1
216,196q6b4,"Al Jazeera‚Äôs Samer Abudaqa was ‚Äòtargeted‚Äô, left to bleed by Israel: Report | Israel War on Gaza News",Si_Vis_Pacem-,2024-01-14,31,0.86,3
217,196qbxk,How the Gaza Genocide parallels the Armenian Genocide,DosLosMango,2024-01-14,27,0.8,6
218,196q5kd,Intent in the genocide case against Israel is not hard to prove | Opinions,Si_Vis_Pacem-,2024-01-14,32,0.88,2
219,19622uk,"Absolutely MASSIVE protest in Sana, the capital of Yemen in support of Palestine and in condemnation of US-UK attack on Yemen ",rexaby,2024-01-14,1187,0.98,53
220,196mfka,"life in a tent, life in a second Nakba.",Elon-Zusk,2024-01-14,39,0.89,1
221,1975d60,Why is Palestine the only place in the Levant where there are Arab Roman Catholics?,Lincoin02202,2024-01-15,3,0.64,6
222,196kkcn,"""ÿ≥ÿØ Ÿà ŸÅÿ±ŸÇ""",Elon-Zusk,2024-01-14,43,0.91,4
223,196ljd6,Beautiful Palestinian dresses/thobes üáµüá∏,Kill_allnoobs,2024-01-14,40,0.92,5
224,196maol,"By Zach Matar, Mother Palestine. ",evening_shop,2024-01-14,32,0.9,1
225,196gcjq,DC rally and impromptu Cornell West meeting,DGentPR,2024-01-14,70,0.94,1
226,1965q5o,"Over 12,000 children have been killed in the last 100 days. Meanwhile Israel‚Äôs PR team is in overdrive following insurmountable evidence of Genocide shown to the ICJ",Hasu_Kay,2024-01-14,494,0.96,43
227,1962ijw,"These are the ""good guys""",ACatsAB,2024-01-14,774,0.98,54
228,1960xme,"Perfect example of the cry bullying tactic of zionists. Scream you're scared to harass other people. They really shouldn't be allowed get away with anti-Muslim bigotry, especially after they've shown such support for an utterly indefensible genocide of oppressed people",rexaby,2024-01-13,914,0.97,59
229,196643w,genocide joe tweets that aged horribly,amethyst6777,2024-01-14,408,0.98,29
230,1969tde,"15 children on that list, the youngest being 10 months.",Hasu_Kay,2024-01-14,208,0.94,16
231,195zes8,Israel has a right to genocide. Sweden PM,SapienMystique,2024-01-13,962,0.96,34
232,196kura,"Former German Colony, Namibia condemns Germany for Defending Israel in Genocide Case",thehomelessr0mantic,2024-01-14,26,0.91,1
233,195x6ra,Namibia rejects Germany‚Äôs Support of the Genocidal Intent of the Racist Israeli State against Innocent Civilians in Gaza.,Mooraell,2024-01-13,1235,0.98,50
234,196uda5,From Libya to Paraguay: Israel's Longstanding Goal of Expelling Palestinians From Gaza Inches Closer to Reality,Yakel1,2024-01-14,8,0.79,1
235,1961whe,Protest in Japan against Israeli aggression against Palestine,rexaby,2024-01-13,521,0.98,11
236,196k3yo,Life in Israel's Guantanamo Bay(s),InformalFly3000,2024-01-14,24,0.9,2
237,196nu7l,Yemen Conflict,isanishimura_,2024-01-14,14,0.85,1
238,196i21r,Proof of IOF terrorist war crimes across the years (Graphic),Gummmmii,2024-01-14,27,0.88,1
239,196q685,Cat food suggestions that aren't on the BDS list?,cleantoe,2024-01-14,12,0.86,4
240,196ccsx,And they will still deny these documented reports,PillowCharms,2024-01-14,70,0.94,1
241,196pf3k,Israel‚Äôs Samson Option - why the world should be concerned.,Independentizo,2024-01-14,10,1.0,1
242,195zuk4,my newborn baby says free Palestine!!,The18thGambit,2024-01-13,511,0.96,19
243,196885k,Some Photos from the March in Washington DC Today,sharjeelhkhan,2024-01-14,129,0.95,2
244,196jg44,"Israeli Occupation leaves two families and their livestock homeless in community of Wadi al-Ahmar, Jordan Valley.",Elon-Zusk,2024-01-14,17,0.82,2
245,196lz2d,How & Why Zionism/Likud Betrayed Jewish Holocaust Survivors,Mynameis__--__,2024-01-14,14,0.85,3
246,195tinr,"A German centre for ""antisemitism research"" describes ""stop genocide in Gaza!"" graffiti as antisemitic.",hunegypt,2024-01-13,893,0.98,110
247,196i4t3,"'Catastrophic': Residents, aid organizations describe conditions in northern Gaza",CollisionResistance,2024-01-14,14,0.86,0
248,196et2s,New Oct 7 Fact Check Website,pumpkinzh,2024-01-14,23,0.87,8
249,196a4un,‚ÄòIt is a time of witch hunts in Israel‚Äô: teacher held in solitary confinement for posting concern about Gaza deaths,Lamont-Cranston,2024-01-14,62,0.97,3
250,196i06w,American Jewish Perspective on Israel‚Äôs War on Gaza | On the Record Al Jazeera English,MooreThird,2024-01-14,14,0.85,0
251,1961zud,"""Long live the Palestinian resistance"": Protest in Scotland against Israeli aggression against Palestine",rexaby,2024-01-13,202,0.97,5
252,19698ml,Are watermelons antisemitic yet?,Fit_Dog_123,2024-01-14,58,0.94,26
253,195nm70,Israeli Defence Fumbles on Day 2 of ICJ Proceedings,AfricanStream,2024-01-13,1390,0.96,79
254,196316t,One of Ireland's largest pro Palestine rally held in Dublin.,rexaby,2024-01-14,160,0.96,3
255,196imhb,Pro-Israel Effort to Smear Penn President Started Well Before Oct. 7 | The push to oust Liz Magill began when the university hosted a festival celebrating Palestinian literature.,partyhesitancy,2024-01-14,13,0.93,1
256,195yc3n,Bernadette Devlin delivers powerful speech at national rally for Palestine in Dublin today,RedMenace-1798,2024-01-13,290,0.97,9
257,19677t2,Palestinian pastor Munther Isaac ‚Äúwhere was I when Gaza was going through a genocide?‚Äù,Always_Wandering_,2024-01-14,74,0.96,1
258,195z5w6,To claim Israel is not a settler colonial state,RedWolf84,2024-01-13,235,0.96,24
259,1962l50,"HISTORY was made Monday with the blocking of 4 major traffic sites in NYC and we will continue to forge a path forward until Palestine is free, from the river to the sea. ",Prudent_Bug_1350,2024-01-14,125,0.96,10
260,195pgm3,"a post by @wizard_bisan on instagram: ""I have grown up twenty years.. over the past 97 days!(...)""",soapsuds202,2024-01-13,714,0.98,17
261,196bawi,"A cool guide to how the New York Times, Washington Post, and LA Times report on a conflict west of Jordan",raginjamaicanwmgr,2024-01-14,26,0.91,2
262,196cgzq,ECJ lawyer: New grounds for asylum for Gaza refugees,Pilast,2024-01-14,20,0.84,1
263,19674e0,Dr. Guevara of Cuba,416_LateNights,2024-01-14,54,0.93,3
264,196buo8,Registered Israeli foreign agent driving contrived campus antisemitism crisis,thurandilneik,2024-01-14,23,0.9,3
265,1977ekc,What everyone wants from the Israel-Hamas war,SessionGloomy,2024-01-15,0,0.38,47
266,1966uxv,"US missile strikes on Yemen encouraging genocide in Gaza: Cuba | Cuba has vehemently condemned recent missile strikes carried out by the United States and its allies on Yemen, saying the US's move encourages the Israeli regime to press ahead with its genocidal war against Palestinians",ExtHD,2024-01-14,54,0.91,3
267,19663gz,"How Israeli forces trapped and killed ravers at the Nova Festival | New evidence points to Israeli security forces, not Hamas, for causing the most fatalities at the music festival - civilian deaths that were then utilized to justify Tel Aviv's Gaza genocide.",ExtHD,2024-01-14,60,0.88,7
268,1968j6t,"International Law expert francis boyle, strongly believes that South Africa will win the case against Israel/Apartite state ",macdrsi_q2,2024-01-14,39,1.0,1
269,195p221,Six operating ambulances left in Gaza. One for every ~330 thousand people. Let this sink in,Mooraell,2024-01-13,604,0.98,19
270,1962jfk,"People in Bahrain come out against the normalization of the brutal dictatorship ruling Bahrain, the attacks on Yemen and chant in support of Palestine, Yemen and Lebanon.",rexaby,2024-01-14,81,0.95,2
271,195k520,Imagine being so inhumane that you use one video of a random shawarma seller in a city of 2 million people to claim that there is no starvation.,hunegypt,2024-01-13,1219,0.95,105
272,195vyi4,"Israeli soldiers perform religious prayers in a house they occupied in Gaza . 

The owner of this house and his children have been seeking shelter elsewhere for 90 days",rexaby,2024-01-13,184,0.92,27
273,196552q,Most Israelis oppose US push for Israel to scale back Hamas war: poll,Fit_Dog_123,2024-01-14,51,0.94,8
274,19689ss,Norman finkelstein analysis on ICJ politics ,macdrsi_q2,2024-01-14,27,1.0,2
275,1967zgi,The Day Israel Attacked America | Special Series,DuePractice8595,2024-01-14,31,0.89,3
276,1961c40,Palestine March in DC,ResidentArtichoke785,2024-01-13,80,0.95,3
277,195nscd,War has undeniable profits,KityKaty95,2024-01-13,477,0.96,39
278,195rjh6,"""Israel"" is convince Al-Maghazi refugee camp heavily",rexaby,2024-01-13,272,0.97,11
279,195yksw,No I don't care that some ships are being delayed to help prevent the genocide of oppressed people. Even something as useless UN says it's an obligation to prevent and punish genocide.,rexaby,2024-01-13,100,0.97,4
280,195lh1l,How can so many in the West so easily ignore genocide? | Genocide,Si_Vis_Pacem-,2024-01-13,627,0.96,97
281,1966neg,"The Hague won‚Äôt stop us ‚Äì Netanyahu | The Israeli PM has lumped the International Court of Justice in with his country‚Äôs enemies in recent comments, including Iran",ExtHD,2024-01-14,26,0.93,1
282,1962qek,"On Monday evening, as protesters gathered at the front of Dallas Love Field airport to show an unabated greeting to genocide-supporting Joe Biden, 13 brave heroes, including a PYM member and former intern of the late Eddie Bernice Johnson, put their bodies on the line to take the airport‚Äôs entrance.",Prudent_Bug_1350,2024-01-14,45,0.92,5
283,195r1b3,At a Yemen and Palestine solidarity rally in San Francisco,AEMarling,2024-01-13,214,0.96,4
284,195x79e,"Palestine March, Derry, Ireland",beeldy,2024-01-13,91,0.96,1
285,195h0ax,The Greater Israel Plan,No_Sun_8930,2024-01-13,1089,0.96,184
286,1964y1o,What's your opinion on Roger Waters' support of Palestine?,MurkyDragonfly5395,2024-01-14,21,0.9,19
287,195ts6h,Out of countless heartbreaking stories here is one of them,PillowCharms,2024-01-13,104,0.99,4
288,1964t7f,Protest in Amsterdam honouring Gaza children,Impressive_Scheme_53,2024-01-14,21,0.87,1
289,195vba6,"Large crowds assembled in Glasgow, Scotland for a protest demanding for a ceasefire and an end to the Israeli war on Gaza. This protest is part of the ‚Äòglobal day of action‚Äô, a coordinated effort calling for a ceasefire by people across the globe in 121",PillowCharms,2024-01-13,71,0.94,1
290,1960941,How Israeli forces trapped and killed ravers at the Nova Festival,applejacks6969,2024-01-13,34,0.88,1
291,195ljzp,Gaza's Ministry of Health is saying they only have 6 ambulances left and ask the international community to help rebuild healthcare in Gaza after Israel's targeted siege and attacks on hospitals.,rexaby,2024-01-13,284,0.95,5
292,1960udt,"Families of hostages held in Gaza for 100 days hold 24-hour rally, beg government to bring them home",MooreThird,2024-01-13,30,0.97,3
293,1960gd3,"Democrats let out the fanatic they cover up the second someone pushes back against them commiting a genocide of an oppressed people. Also, even according to something as useless as UN, they're acting within law by preventing genocide (slide)",rexaby,2024-01-13,29,0.93,2
294,195q3sc,Solidarity from Bucharest,amateur_loiterer,2024-01-13,109,0.93,3
295,195m7eo,They are not just numbers.,SapienMystique,2024-01-13,200,0.97,8
296,195q376,London now! Hundreds of thousands marching for Palestine and for a #CeasefireNOW,PillowCharms,2024-01-13,102,0.96,1
297,195n0xn,In Nablus (Al Balad),EducationalTurnip110,2024-01-13,150,0.96,1
298,19653p6,Human Society Must Unite Against Inimical Forces. Gaza & Yemen Continue to Highlight This.,Ok-Ingenuity4274,2024-01-14,12,1.0,1
299,195qwfz,Israel's SEO is working overtime to counter the ICJ case.,partyhesitancy,2024-01-13,76,0.97,13
300,1962rl5,The Settlers (inside the Jewish settlements),DuePractice8595,2024-01-14,16,0.83,3
301,195pqrg,"From a Palestinian in Gaza, thank you South Africa! | Israel War on Gaza",Si_Vis_Pacem-,2024-01-13,79,0.97,1
302,195kx3u,Guy calls SA legal team monkeys and believes that Israeli‚Äôs are God‚Äôs warriors,QuantumRider1923,2024-01-13,183,0.97,16
303,195qqi0,"Palestinian content creator on Horticulture from Gaza, now homeless, sharing with us unlocking a food parcel",Arrad,2024-01-13,66,0.98,4
304,195wxtc,Why is Biden engaging in disinformation on Gaza? | Gaza,Si_Vis_Pacem-,2024-01-13,28,0.97,2
305,195tty0,Thousands of pro-Palestine protesters march in London | Israel-Gaza war,djpolofish,2024-01-13,47,1.0,1
306,1961v37,Philosopher on Palestine,kazarule,2024-01-13,16,0.86,1
307,19623cz,"Palestinian kids by the Egyptian border chanting "" for god's sake, go on Egyptians "" for the Egyptian solders by the borders to help them",Emotional-Rhubarb725,2024-01-14,14,1.0,5
308,195tqkm,March On Washington For Gaza LIVE,Prudent_Bug_1350,2024-01-13,42,0.96,7
309,195qotn,Israeli Settlers scatter spikes on Palestinian-ONLY road puncturing tire of passing truck.,Elon-Zusk,2024-01-13,62,0.97,2
310,195x47z,DSA Condemns U.S. and Israeli hostilities in Palestine and West Asia,Lilyo,2024-01-13,27,0.93,1
311,195qqvg,"Israeli Military maneuvers in the South Hebron Hills, ruining cultivated lands and scaring families.",Elon-Zusk,2024-01-13,56,0.97,6
312,195txbg,"Biden Admin Deployed Air Force Team to Israel to Assist With Targets, Document Suggests",CheetoBandito11,2024-01-13,39,0.97,1
313,195srw1,Debunking Israel's Defense Speedrun,logatwork,2024-01-13,36,0.97,2
314,195e1g7,"Rare protest in Bahrain: after the US-UK bombing of Yemen, demonstrators take the streets to reject the monarchy‚Äôs normalization with Israel. Chanters said from Yemen to Lebanon, Bahrain to Palestine, there is only ‚Äúone people‚Äù and ‚Äúwe will not be intimidated.‚Äù",Prudent_Bug_1350,2024-01-13,450,0.97,13
315,195lsnq,Israel is bombing across Gaza strip intensively while imposing a telecom blackout,rexaby,2024-01-13,102,0.93,2
316,195qmst,"Over 500,000 people view reading of Palestinian poem by US actor Mahershala Ali",Passervore,2024-01-13,42,0.97,1
317,195rord,Little Trivia moment > Who pronounced these words in 1938?,Artistic_Hornet_3701,2024-01-13,38,0.97,4
318,1956yz2,"Settlers and Soldiers abuse and bully a local family at night, scaring women and kids.",Elon-Zusk,2024-01-12,982,0.96,114
319,194x9k1,"Millions of people in Yemen's capital Sana'a chanting in union : ""We do not care (3x): Make it a world war!"".",6137542712,2024-01-12,3604,0.85,698
320,1955ewe,Germany Will intervene and defend Israel's genocide...,YekaHun,2024-01-12,1065,0.96,320
321,195t85x,"Would like to buy a Keffiyeh in solidarity, from the right vendors, but every site I get shown is out of stock",_b3rtooo_,2024-01-13,23,0.93,20
322,195dpdb,"[Reposted] The level of atrocities this people had... Not to mentioned, this is way before October 7th 2023",Ashamed-Library4902,2024-01-13,335,0.98,15
323,195nurv,Tour Down Under,SpiritualUse121,2024-01-13,50,0.93,2
324,195nqof,"Adelaide, Australia 13th Jan 2024",SpiritualUse121,2024-01-13,50,0.92,1
325,195st2t,"In 4th month of Israeli genocide, 4 percent of Gaza‚Äôs population dead, missing, or injured; 70 percent of Strip‚Äôs infrastructure destroyed.",sabbah,2024-01-13,22,0.9,1
326,195beud,NOW: US bombs Sanaa International Airport in Yemen. Yemen has been blockading ships linked with Israel in order to pressurize Israel into lifting siege on Gaza,rexaby,2024-01-13,436,0.96,29
327,195j94n,Scrutiny by Zapiro,Polytongue,2024-01-13,112,0.94,2
328,195o2pg,Jewish House Democrats grill Israeli ambassador on far-right ministers,MooreThird,2024-01-13,37,0.97,6
329,195alla,Hundreds of US Gov. Employees plan Walkout on Tuesday over Biden's actions against Gaza. 22 persons from federal agencies agreed to it.,rexaby,2024-01-13,359,0.98,12
330,1961gjz,There's an allegation that a speaker at the London pro-Palestine rally is calling for a genocide. He has tweeted out his full speech and he is in fact saying that the massare of Gazans have to stop.,swanlake1875,2024-01-13,8,0.99,1
331,195bypp,Palestinian journalist Heba al-Abdallah was killed in a strike on her home (killing her family too). This brings the Palestinian journalist death toll to 113.,soapsuds202,2024-01-13,280,0.98,12
332,195yh6h,Genuine question,broken_knee_,2024-01-13,7,1.0,7
333,195bw9p,"‚ÄúWarning ! Do not throw lit cigarettes in the area‚Äù

Israeli soldier in Khan Younes writes on a video he uploaded on Tiktok after burning a house of a Palestinian family. Corniest wannabe cool criminals.",rexaby,2024-01-13,269,0.95,11
334,1954tjq,Highlights of Israel‚Äôs ICJ Defense,TiredYak,2024-01-12,658,0.98,89
335,195m7a2,Grandmother shot while waving white flag,Slayy45,2024-01-13,38,0.97,1
336,195nvf7,Israel accused of fabricating documents in the case of journalists it killed,Critical_Cursor,2024-01-13,29,1.0,1
337,195t0ux,"Connections Podcast Episode 87 with Norman Finkelstein, South Africa Charges Israel with Genocide‚Ä¶",Joonam_s2,2024-01-13,12,0.93,1
338,195sbzn,"What Comes After Zionism? (""Post-Zionist"" Shaul Magid)",Mynameis__--__,2024-01-13,12,0.99,2
339,195bknb,"""Let‚Äôs all stand together, 
with remedy and pen, we are a mercy for those who battle sickness""

A display of collective resilience at a hospital in Gaza. Heroes ",rexaby,2024-01-13,189,0.98,16
340,195cfxd,US and UK carry out another series of airstrikes after attacking it's international airport just a while ago.,rexaby,2024-01-13,161,0.98,15
341,1953zlr,"The biggest difference between South African apartheid and Israeli apartheid, is that Israeli apartheid is much worse.",FroggstarDelicious,2024-01-12,411,0.95,13
342,194ytdj,Germany‚Äôs statement on Twitter about the ICJ hearing.,hunegypt,2024-01-12,706,0.97,184
343,194r5hm,"Aaaaand 32 minutes in, that‚Äôs a BINGO",ElectricKeese23,2024-01-12,2385,0.92,186
344,194xauq,Has anyone noticed the duplicate images in the hostages collage shown by Israel at the ICJ?,elasticgum,2024-01-12,829,0.98,102
345,1950591,"Germany to request join as third party in Hague case: 'Israel is not committing genocide'. German government rejects allegations Israel is committing 'genocide' in Gaza, warns against 'political instrumentalization', adding that Israel defends itself after inhuman Hamas attack on October 7",sabbah,2024-01-12,509,0.98,147
346,194v8de,They think Israel is doing great!,EducationalTurnip110,2024-01-12,925,0.97,144
347,195gy75,From the river to the sea!,AutomaticDirector346,2024-01-13,46,0.96,2
348,194skbo,"Yemeni military spokesperson says US and UK carried out 73 strikes in Yemen killing 5 and wounding 6, says won't deter them supporting Palestinian people.",rexaby,2024-01-12,1356,0.96,134
349,195gei3,"""Gaslighting & Cherry-Picking"": How Israel Is Defending Itself at World Court on Charges of Genocide",Joonam_s2,2024-01-13,37,0.97,4
350,19570sy,"Soldiers and Settlers drive family out of pastureland, humiliation, abuse and bully at gunpoint.",Elon-Zusk,2024-01-12,134,0.98,7
351,1955lif,Al Jazeera‚Äôs correspondent reports that Israeli bombs have targeted a house in the far south of the Gaza Strip that was sheltering displaced people.‚Å†,6137542712,2024-01-12,163,0.97,3
352,195fh17,AIPAC fund legislators for the purpose of having an endless money faucet to the state of Israel AIPAC is a direct enabler of the Israeli governments actions,InternationalSilver1,2024-01-13,39,0.92,2
353,194simi,There‚Äôs a man on TikTok live watching Israel‚Äôs rebuttal doing a ‚ÄòKhamas‚Äô counter.,hunegypt,2024-01-12,810,0.98,26
354,194ulmp,"Completely unsurprising. This trial will have some of the most concise arguments proving Israel genocidal intent, yet these ‚Äúnews‚Äù outlets have a vested interest in keeping us silent and uninvolved. It is important everyone watches this",AnAwfulAlliteration,2024-01-12,545,0.97,15
355,195lb2m,Printable flyers/leaflets?,Zach-uh-ri-uh,2024-01-13,11,0.92,6
356,1959wcu,Khaled Zubaidi (19) in West Bank was shot and then suffered from internal hemorrhaging due to severe assault by Israel soldiers. This is in West Bank.,rexaby,2024-01-12,74,0.97,2
357,195fcdq,Knesset Member Faces Expulsion For Backing SA's ICJ Genocide Case,Mynameis__--__,2024-01-13,30,1.0,3
358,194wlsz,Bush signed into law that U.S. is permitted to use military force to free any American or citizen of a U.S.-allied country being held by the ICC,Always_Wandering_,2024-01-12,344,0.98,33
359,1956b5k,BreakThrough is honored to be the livestream partner of the national March for Gaza tomorrow.,Prudent_Bug_1350,2024-01-12,91,0.96,5
360,1950pf7,The prison gates will fly open,chazzireno,2024-01-12,189,0.96,6
361,194xmls,julia hartley-brewer explaining why genocide is a thing could happen. ,igotban5times,2024-01-12,251,0.95,52
362,1951l0k,Lasair Dhearg statement on imperialist attack on Yemen,RedMenace-1798,2024-01-12,150,0.97,16
363,1957yhy,"Yedioth Ahronoth, one of Israel's top news outlets, also reports that Israeli military killed its own people on Oct 7 due to""Hannibal procedure"". Link in comment. Obviously not an endorsement of the zionist rag.",rexaby,2024-01-12,67,0.97,2
364,194zvtz,"South African legal scholar Tembeka Ngcukaitobi, presenting at The Hague, says the evidence for genocide is ‚Äúincontrovertible. ""The extraordinary feature of this case is how open Israeli officials are about their genocidal intent.‚Äù - Full presentation in comments",kwamac,2024-01-12,166,0.96,5
365,1957nyz,"At The Hague, Israel Mounted a Defense Based in an Alternate Reality",CollisionResistance,2024-01-12,53,0.95,2
366,194t8tv,Indigenous people around the world united by resilience ,Meleruona,2024-01-12,340,0.91,7
367,195b131,"Israel Dismisses Genocidal Intent as ‚ÄòRandom Assertions‚Äô | A barrister for Israel argued that Israeli prime minister and cabinet members‚Äô statements of intent to commit genocide were mere ‚Äúrandom assertions,‚Äù and he instead accused South Africa of complicity in genocide",ExtHD,2024-01-13,30,0.98,4
368,1956g6u,Art by me!,ResidentArtichoke785,2024-01-12,57,0.94,6
369,1954kkg,"Palantir Technologies Inc., the data analysis firm that provides militaries with artificial intelligence models, has agreed to a strategic partnership with the Israeli Defense Ministry to supply technology to help the country‚Äôs war effort.",hunegypt,2024-01-12,67,0.96,5
370,195193y,"Israeli soldiers are seen displaying women‚Äôs underwear in videos distributed on social media, taken from civilian homes in Gaza.",hunegypt,2024-01-12,90,0.93,8
371,195dey3,White House opposes Sanders push on Israeli use of American weaponry,4mystuff,2024-01-13,17,0.96,3
372,195a784,"Israel is Not a Jewish State, it's an Ethnostate.",Ok-Ingenuity4274,2024-01-13,28,0.98,1
373,194o64n,"Never forget that western class cheered for bombing of a country, who admittedly didn't kill anyone or do a crime, but stopped ships from going to Israel to lift siege in Gaza and causing it economic damage.",rexaby,2024-01-12,759,0.94,51
374,1953hd1,"Support South Africa‚Äôs case against Israel at the ICJ: 458,000 signed. 42,000 more needed.",4mystuff,2024-01-12,66,0.94,4
375,1950sqx,The corporate-owned media portrays every driver stopped by the Palestine solidarity disruptions as enraged and hostile to the movement.,Prudent_Bug_1350,2024-01-12,92,0.95,7
376,194rw9u,Israel attacks worshipers who tried to reach Al Aqsa mosque for prayer,rexaby,2024-01-12,335,0.96,6
377,1959tno,"Miko Peled, the son of a former top IDF general and the grandson of a signer of the Israeli Declaration of Independence, on Zionism.",Ok-Kangaroo479,2024-01-12,29,0.83,2
378,195795b,Israel Blocked Evacuation of Al Jazeera Cameraman Hit by Airstrike,randthedragonalthor,2024-01-12,37,0.95,1
379,1953mje,[Jeremy Corbyn] South Africa‚Äôs Case Was a Display of International Solidarity ‚Äî We Should Support It,kwamac,2024-01-12,58,0.93,2
380,195a0s6,CNN Runs Gaza Coverage Past Jerusalem Team Subject to IDF Censor,Lamont-Cranston,2024-01-13,24,0.96,2
381,195050f,Note that they are only saying black politicians are pro-terrorist,Ryan_Holman,2024-01-12,76,0.9,4
382,195h7jy,"US aid to Israel, Palestine and Ukraine",Nocare420,2024-01-13,6,0.88,3
383,194s9w1,You can set your clock to British perfidity.,No1IsraelHater,2024-01-12,203,0.95,5
384,1955z0d,"I created a website to archive the United States congress's stance on Palestine and linking to any and all contact info for your representatives. If you are a US citizen, you can find your representatives and see if they have called for a cease fire, spoken out against genocide, and contact them.",Lzy_nerd,2024-01-12,30,0.86,8
385,194zoi4,Israeli Occupation Demolishes the Homes of Two Families in Khirbet Yarza for the SECOND TIME!!,Elon-Zusk,2024-01-12,64,0.92,2
386,194u4jg,South Africa replace U19 cricket captain David Teeger over pro-Israel comments,Kathanayagan-3821,2024-01-12,137,0.96,6
387,194kph6,Things Israel will say in ICJ bingo card,ElectricKeese23,2024-01-12,715,0.97,63
388,194zooh,"Israeli Occupation Demolishes Residents' tents in Khirbet Humsah community, for the FOURTH TIME!!",Elon-Zusk,2024-01-12,55,0.9,2
389,19552lp,There will need to be a LOT of work to make Gaza fit for life again,AntiquarianThe,2024-01-12,27,0.92,4
390,1955uht,Glad shelving update,dmiraj,2024-01-12,22,0.92,1
391,194m5z0,"The era of apartheid is over. The era of colonialism is over. The era of genocide is over. The era of liberation is HERE. Saturday, January 13, 1PM Freedom Plaza Find a bus: March4Gaza.org",Prudent_Bug_1350,2024-01-12,433,0.95,8
392,194dv4q,"Despite the fact that South Africa mostly refrained from using footage from Gaza, Israelis are now complaining that apparently they will not be allowed to show their video.",hunegypt,2024-01-11,1321,0.97,234
393,1958pus,Insane levels of hate in response to someone suggesting they befriend Palestinians,MortationalMommy,2024-01-12,14,0.94,1
394,195bfe8,The Women of Gaza are Fighting for Their Families‚Äô Lives,Artistic-Vanilla-899,2024-01-13,10,1.0,0
395,194zdbc,Israel's Bravest Anti-Zionist Leader Pro-Palestine At ICJ,Mynameis__--__,2024-01-12,34,0.85,2
396,194re63,"All genocides are committed in ""self-defense""",Tannsub,2024-01-12,118,0.92,8
397,194xjna,Starvation as a weapon of war is a war crime.,FroggstarDelicious,2024-01-12,42,0.88,2
398,1951ykp,Are We The Baddies?,nuclear_blender,2024-01-12,22,0.82,7
399,194ieya,"Gaza is an occupied territory of Israel. Under international law, there's no such thing as right of self defense by occupying force against the occupants ",RandomRedditUser356,2024-01-12,462,0.98,18
400,195aofl,What is the most reliable unbiased media outlet/tv covering the news from this war?,walian20,2024-01-13,6,0.88,10
401,1952ub4,"Good Morning, Revolution: Biden, Bibi, you can't hide! We charge you with genocide!",VirginianLaborer,2024-01-12,19,0.94,2
402,194ulnk,People Before Profit calls for ‚Äòtotal dismantlement‚Äô of Israeli state,No-Will8890,2024-01-12,46,0.88,6
403,194disz,"""i need bescuit im hungry"" a Palestinian girl to egyptian soldier on egyptian border ",Dry-Mathematician568,2024-01-11,754,0.98,36
404,194jl69,Israel court bingo,xToasted1,2024-01-12,325,0.97,26
405,194yoow,How weak is Israel‚Äôs response to the genocide case at the ICJ?,Huge-Jellyfish9948,2024-01-12,27,0.88,4
406,1944i4o,"South African Lawyers at the International Courts of Justice (ICJ), The Hague ",dankmemegawd,2024-01-11,2327,0.96,76
407,194vj53,"Video of Palestinian body dragged by Israeli army vehicle was filmed in Israel, not Gaza. Apartheid Israel soldiers tie up a man in Zikim Beach in Apartheid Israel and drag the body from an Israeli armoured vehicle. They're committing war crimes even out of Gaza.",partyhesitancy,2024-01-12,38,0.94,3
408,1950j3e,I don't envy zionists,msherif428,2024-01-12,15,1.0,2
409,194psck,Ansarallah (or Houthi) says they won't stop targeting Israeli ships until aggression in Gaza is stopped. They also say that it was a solely US-UK attack and not a coalition attack. US recently famously tried to form a coalition against Yemen for this which fell apart.,rexaby,2024-01-12,80,0.91,7
410,194duml,The propaganda war is real.,ACloseCaller,2024-01-11,506,0.99,38
411,194mfky,This Israel has no future in the Middle East,Fit_Dog_123,2024-01-12,145,0.95,16
412,194wneb,"South African U19 cricket captain David Teeger has been relieved of his duties ahead of the U19 World Cup. David Teeger previously praised the soldiers of a foreign country, and dedicated his ""rising star"" award to the genocidal IDF (calling them true rising stars) and the Apartheid State of Israel",partyhesitancy,2024-01-12,24,0.9,1
413,194en52,Israel staring at Paris Olympics ban for killing Palestinian athletes,ExtHD,2024-01-11,413,0.97,11
414,194q6sl,You can now submit evidence to ICC on Israel‚Äôs war crimes,Spiritual-banana5,2024-01-12,66,0.92,1
415,194y69b,"Evidence for Israel's crimes of genocide? It's all here, in rhyme.",davidrovics,2024-01-12,17,0.86,1
416,1952ywi,How best to spend money if trying to help,aa1607,2024-01-12,8,1.0,3
417,19417cz,Israelis are having a totally normal reaction to the case presented by South Africa. If their defense to justify their actions will be to look what the other side did than they already lost.,hunegypt,2024-01-11,1799,0.94,269
418,194dgfx,"You don‚Äôt get to disturb the free passage of trade without any consequences but if you can murder nearly 30,000 in less than 100 days then not only we will not condemn you but also arm you and defend you.",hunegypt,2024-01-11,355,0.96,29
419,194lo1j,Civil defense crew targeted in Khan Younis,M_N_H_E,2024-01-12,107,0.97,3
420,195gag3,Who will be on what side of WW3?,spiritual-witch-3,2024-01-13,0,0.44,9
421,194osh7,Brazil expresses support for South African genocide case against Israel,Nemesysbr,2024-01-12,60,0.98,2
422,194hbgj,Middle East crisis: US and UK ships and jets involved in strikes against Houthi-linked targets across Yemen,SuitableSympathy2614,2024-01-12,175,0.97,34
423,194xpdb,"Israel, Stop! With Great Power Comes Great Responsibility",VarunTossa5944,2024-01-12,12,0.83,1
424,194ng3i,Chinese Belt and Road worker on the courage of the Yemeni people.,Burningmeatstick,2024-01-12,68,0.92,2
425,1946agg,"In what other ‚Äúconflicts‚Äù has the intention of genocide been so obvious? I‚Äôm not naive enough to think this‚Äôll make a difference, but we must all be grateful for South Africa forever",mimiparkerisqueen,2024-01-11,674,0.98,17
426,194evix,"123 years ago, the Britains committed a genocide and killed over 25,000 South Africans who lived in history's first concentration camps",Unroll9752,2024-01-11,223,0.95,22
427,1945fbd,I hope every person in the world will ask the question. Where was I?  ,Personal_Matter9041,2024-01-11,665,0.98,25
428,194z7ht,Israeli Government Advertising Agency Google Ads since 07 Oct,iiiSushiii,2024-01-12,6,0.88,1
429,1943mi5,Comrade Corbyn showing solidarity for the Palestinians at the Hague,leftistoppa,2024-01-11,690,0.98,16
430,194624c,"San Francisco voted 8-3 in support of a Gaza ceasefire resolution, becoming the largest city in the US to call for an immediate ceasefire in the Gaza Strip.",igotban5times,2024-01-11,462,0.97,10
431,194pbv4,South Africa tells top UN court Israel is committing genocide in Gaza as landmark case begins,MarilynMonheaux,2024-01-12,32,0.93,1
432,194b6ms,A local library decolonizes minds,JustMyOpinionz,2024-01-11,221,0.97,4
433,193zagt,"Israelis reacting to this hearing so cartoonishly racist, it's peak colonizer attitude. This is a journalist working for the Jewish Insider retweeting a post about mocking South Africa for not having ‚Äúclean water‚Äù.",hunegypt,2024-01-11,1078,0.98,102
434,194jou4,Kids Who Haven‚Äôt Slept For Weeks Are Dying From Heart Attacks Caused By Israeli Bombs,Mynameis__--__,2024-01-12,65,0.94,1
435,194jtg2,Killing and banning journalists reveals what Israel wants to conceal,ExtHD,2024-01-12,58,0.95,1
436,194x79q,Cultural appreciation vs appropriation,virgo_cinnamon_roll,2024-01-12,5,1.0,1
437,194tcts,Either it has never occured to Israel to study about what genocide actually means of they're deliberately cynical,Puzzleheaded_Fish499,2024-01-12,8,1.0,1
438,1945m5d,Say it louder,emc2_brute,2024-01-11,292,0.97,5
439,194eozw,Ireland stands with Palestine,FredrichCedric,2024-01-11,87,0.94,2
440,194l1vw,Poetry about Gaza,Artistic-Vanilla-899,2024-01-12,36,0.89,1
441,193xr0l,South Africa presents its case against Israel at the ICJ,sabbah,2024-01-11,945,0.99,97
442,193tkyo,Disney's new superhero Sabra,frost0401,2024-01-11,2066,0.92,426
443,1944imu,Opening Statement of South Africa in ICJ,deadlyseaz,2024-01-11,289,0.97,10
444,194n2hx,Global Distractions Unveiled: South African Genocide Hearing and Yemen Airstrike - Connecting the Dots,ACommunistLoveStory,2024-01-12,25,0.89,3
445,194acis,"How to submit your evidence to the ICC - 113 journalists in Gaza died trying to show the truth, lets do our part in the case for Gazans.",sheeshing123,2024-01-11,132,0.97,5
446,1947jb9,This is a historic moment of solidarity.,FroggstarDelicious,2024-01-11,182,0.95,1
447,19507qj,US and UK launch strikes against Houthi rebels in Yemen,Suicidal-Student03,2024-01-12,3,1.0,1
448,1944zb5,ICJ Trial: South Africa Accuses Israel of Genocide,AfricanStream,2024-01-11,157,0.95,2
449,193wqrg,Eurovision: Finnish artists want Israel barred from contest over Gaza war,Marc123123,2024-01-11,628,0.98,26
450,193yft8,"Spanish party leader lone Belarra - a minister till just a few weeks ago - demanding Spain support South Africa's proposal to bring Israel before the
International Court of Justice",isawasin,2024-01-11,408,0.97,14
451,194htmm,"Neither Evidence nor Law will Convict Israel of Genocide | The fifteen judges that will meet in the Hague are eminent jurists, but their role is political, not legal. They will vote the way their country tells them to vote, not upon conclusions drawn from the proceedings.",ExtHD,2024-01-12,27,0.82,8
452,194bufj,Another Evidence of Israel invoking the Hannibal directive on October 7th and killing many of its civilians,Ash_Joestar-2000,2024-01-11,60,0.94,7
453,19477gm,"Who is Israeli MP Ofer Cassif, why is he backing South Africa at the ICJ? | News",Si_Vis_Pacem-,2024-01-11,100,0.96,15
454,194jtwi,Apple News suppressing/censoring UN ICJ genocide proceedings,fermi0nic,2024-01-12,19,0.86,3
455,1940i33,This Palestinian grandmother was waving a white flag in a Gaza 'safe corridor'. An Israeli sniper shot her dead,Yakel1,2024-01-11,243,0.97,17
456,194h717,Yemen was just bombed - this should be condemned as a terrorist act committed by the US and UK,jikesar968,2024-01-12,26,0.92,3
457,1940kwc,this ad i just got,blueberrypug,2024-01-11,222,0.97,27
458,194b5ri,"The order: prevent terrorists from returning to Gaza ""at all costs"", even if they have hostages with them",Ash_Joestar-2000,2024-01-11,50,0.95,4
459,1942649,Virginia Governor Youngkin pushes for bill to ban business with companies that boycott Israel,peachy7733,2024-01-11,154,0.93,30
460,194euty,"Three new military procedures, allowing massive use of force, came into effect (2016) to replace controversial Hannibal directive.",_Snebb_,2024-01-11,25,0.84,3
461,194d5sd,South Africa's Closing Argument Against Israel for Genocide at the ICJ,Joonam_s2,2024-01-11,32,0.94,1
462,1945hie,üáµüá∏üáøüá¶ - Solidarity between the Palestinian and South African peoples Poster created by Nadir Tharani and published in 1978.,hunegypt,2024-01-11,84,0.95,2
463,194as0f,"This is our time to shine Reddit. Submit your videos, photos, etc to the ICC",halfpastnein,2024-01-11,41,0.91,4
464,19443l3,Israeli occupation demolishes agricultural pools in the West Bank.,Elon-Zusk,2024-01-11,87,0.95,7
465,19445ik,"Israeli Occupation demolishes family homes out of it's ""Administrative Authority"" in the West Bank.",Elon-Zusk,2024-01-11,76,0.92,6
466,194dnkl,Full video of ICJ proceedings Jan 11th 2024,Haunting_Berry7971,2024-01-11,21,0.92,1
467,1941p2z,"The Guardian: Meta censors pro-Palestinian views on a global scale, report claims",heidjuk,2024-01-11,86,0.94,1
468,194atgw,"Refugees from El-Fallujah after displacment during El-Nakba 1949, Palestine.",ahmed_sarta123,2024-01-11,26,0.89,1
469,194au8e,On the ‚Äúmost moral army in the world‚Äù,Inominada,2024-01-11,24,0.87,1
470,193s28f,Everyone except John Kirby knows that Israel is intentionally targeting journalists,Hasu_Kay,2024-01-11,460,0.97,54
471,193myt5,ICJ judges in South Africa vs Israel,Mojay21,2024-01-10,918,0.98,187
472,1944byn,"Israeli Group Claims It Uses Big Tech Back Channels to Take Down Content | Iron Truth members have flagged thousands of posts for removal, posts that are merely sympathetic to Palestinians; tapping personal connections at Big Tech companies to have posts deleted outside official channels",partyhesitancy,2024-01-11,50,0.93,5
473,194anyw,Today‚Äôs hearing at ICJ,Inominada,2024-01-11,21,0.89,1
474,193i65y,U.S Lawyer: South Africa Will Win Israel Genocide Hearing at ICJ,AfricanStream,2024-01-10,1330,0.96,91
475,1942t7w,"Demonstrators gather to support South Africa‚Äôs genocide case against Israel in Hague, Netherlands",osmitzar,2024-01-11,49,0.89,1
476,19404qg,Genocide Case,spacecadetchaela,2024-01-11,69,0.9,15
477,193r2l5,Ontario surgeon back from medical mission says his 'heart and soul' remain with children in Gaza,itsasnowconemachine,2024-01-11,327,0.98,14
478,1942wti,ICJ hears South Africa's Genocide case against Israel [LIVE],speakhyroglyphically,2024-01-11,36,0.91,2
479,1948h90,Why Israel's Supreme Court Ruled AGAINST Netanyahu & Likud,Mynameis__--__,2024-01-11,16,0.91,2
480,194006t,FOR ISRAELI'S BRINGING UP SOUTH AFRICA'S APARTHEID PAST.,Thesomalwanderer,2024-01-11,52,0.91,1
481,194bplw,"Gaza: SA's Accusations Of ""Genocidal Conduct"" Against Israel At World Court",Mynameis__--__,2024-01-11,8,0.84,1
482,193yiyx,"If you don‚Äôt support occupation, you‚Äôre brainwashed!",Feeling_Sundae4147,2024-01-11,59,0.93,4
483,193j8jv,Chicago doc who served in Gaza describes the scenes. Literal Hell.,njiq30,2024-01-10,572,0.98,34
484,194dj8u,What grocery shops do I use?,Early_Feature_8132,2024-01-11,9,0.99,5
485,194gimj,What is the solution to the Israel-Palestine occupation/conflict,ILoveKSI2013,2024-01-11,5,0.77,8
486,1942hs5,How G*za people see the world I Lauren Booth,Mammoth-Particular26,2024-01-11,23,0.88,0
487,1943qhf,"Despite the Arab leaders being hopeless, do they still at least have some hope ?",tonyopen,2024-01-11,18,0.88,12
488,1942t8s,ICJ Hearings on South Africa's Genocide Case Against Israel in The Hague,Huge-Jellyfish9948,2024-01-11,21,0.89,1
489,193sk76,"If you lost family members in the genocide in Gaza, submit a claim for the International Criminal Court case here",justmo17,2024-01-11,106,0.95,1
490,193zhiz,South Africa's ICJ genocide case against Israel - watch live,Yakel1,2024-01-11,28,0.94,1
491,193bddz,Israeli soldier shoots Harun Abu ‚ÄòAram while defending his OWN property.,Elon-Zusk,2024-01-10,829,0.98,128
492,193j4lx,"There is no level of depravity too low for the IDF in order to justify their crimes. They‚Äôre now claiming that Hamza Al-Dahdouh, son of Wael, one of two journos they killed, belonged to PIJ; retroactively ascribing group membership to the dead who can‚Äôt defend themselves is low.",hunegypt,2024-01-10,283,0.97,17
493,193yajz,Disney/Marvel will never have the guts to adapt a scene like this for the big screen:,,2024-01-11,21,0.84,5
494,1936rqh,New Epic footage for the resistance hitting IOF tanks and soldiers in Gaza. ,new-footage-guy,2024-01-10,1221,0.96,136
495,193h6ll,The litmus test is always Palestine.,FroggstarDelicious,2024-01-10,279,0.95,2
496,193ggee,"Deerah in Belfast, Ireland has joined the global BDS 'Apartheid Free Zone' campaign",RedMenace-1798,2024-01-10,301,0.98,16
497,193ok6p,Don‚Äôt believe Haaretz and the NYT. Israeli society fully supports the Gaza genocide. | only 1.8% of Israeli Jews think that Israel is using too much firepower in Gaza,ExtHD,2024-01-11,102,0.95,2
498,19365cp,Palestinian flag over Dublin City Hall. Solidarity from Ireland,AnPucaRua,2024-01-10,1201,0.97,45
499,193cmwz,"Starmer on Israels actions: ‚ÄúI think its unwise for politicians.. to sit in TV studios & pronounce which acts may or not be in accordance with international law‚Äù    Starmer sitting in a TV studio, on Russias actions: ‚ÄúWhat I‚Äôve seen amounts to war crimes‚Äù",hunegypt,2024-01-10,357,0.98,33
500,1934jc3,I wish more of these media clowns get shut down and shamed ,SapienMystique,2024-01-10,1240,0.97,51
501,193vt9m,Link to the live ICJ coverage which starts at 9:30 am and proceedings at 10 am (European Central Time),qwerrtyyuuhhfd,2024-01-11,19,0.84,6
502,193yhlp,Documentary about Gaza by Abby Martin. Don't know if it's been posted here already.,RaylynFaye95,2024-01-11,9,0.77,1
503,193ffok,Intel will build $25 billion chip factory in Israel‚Äôs ‚Äòlargest investment ever‚Äô | CNN Business,Artistic-Vanilla-899,2024-01-10,179,0.95,29
504,193nyck,IDF admits that they killed their own civilians including 9 children,Content-Addendum6120,2024-01-11,58,0.9,1
505,193m6xa,Show up @ ICJ 09:00-12:30,Serious_Fennel1242,2024-01-10,61,0.92,4
506,192zft0,Karma for dancing IDF soldiers,TiredYak,2024-01-10,1808,0.92,343
507,1937x08,"Moments ago, the forces of the Palestinian Authority arrested a number of young men and suppressed a protest at the PA headquarters in Ramallah rejecting the visit of Antony Blinken. Blinken, who referred to charges of genocide against Israel as ‚Äúmeritless‚Äù and ‚Äúdistracting‚Äù met with Abbas.",hunegypt,2024-01-10,330,0.99,14
508,193ivvn,The justice system needs a rework.,broken_knee_,2024-01-10,82,0.95,2
509,193ip9l,We have a tool to stop Israel‚Äôs war crimes: BDS,Marc123123,2024-01-10,79,0.95,5
510,193dgh9,Revealed: Congress backers of Gaza war received most from pro-Israel donors,wierdfish,2024-01-10,139,0.98,6
511,193f1da,Israeli military casualties are far higher than officially reported,BRCityzen,2024-01-10,111,0.97,21
512,193eetx,"The WHO says it had to cancel 6 planned missions to northern Gaza since the 26th of December, the latest was today, because Israel rejected to provide assurances of safe passage.",ACloseCaller,2024-01-10,102,0.98,3
513,193h8xd,ÿßŸÑÿ∑ŸÅŸÑ ÿßŸÑŸÅŸÑÿ≥ÿ∑ŸäŸÜŸä ŸÑŸà ÿ≠ÿ® ŸäŸÜÿßŸÖ ŸÖÿπ ÿßÿ®ŸàŸá ŸàÿßŸÖŸá.,iAnubix,2024-01-10,69,0.91,3
514,193v65x,"This is the new album, Notes From A Holocaust, in the form of a YouTube playlist.",davidrovics,2024-01-11,10,0.75,1
515,193m3dw,Mass expulsion from homes,Inominada,2024-01-10,35,0.94,1
516,1938x55,New footage for the resistance hitting IOF soldiers in Gaza. ,new-footage-guy,2024-01-10,184,0.96,7
517,193d4v9,"""Slaughter"" of Israelis and Palestinians as used in the media",Gromaticus,2024-01-10,101,0.96,3
518,1935uq2,"Resistance took down many UAVs and drones, this is the last today",new-footage-guy,2024-01-10,290,0.98,12
519,1934lor,"The minute a simple question is related to Israel gets asked, nearly all Western politicians start to stutter.",hunegypt,2024-01-10,348,0.99,12
520,193rry5,Prof Finkelstein and Mouin Rabbani discuss South Africa‚Äôs charges against Israel at the ICJ,SensitiveBullfrog,2024-01-11,12,0.78,1
521,19334ot,Recent terrorist IDF D9 Bulldozer destruction for the infrastructure in Jenin.,rayanspawn1,2024-01-10,379,0.98,41
522,1930pjp,Qassam fighter explains why he fights,GeheimCode,2024-01-10,591,0.97,22
523,193bzue,‚ÄòCarry Our Revolution to Victory‚Äô Poster from the PFLP,leftyprime,2024-01-10,83,0.97,4
524,193j3va,Toronto Councillor wants to ban anti-Genocide protests,maubyfizzz,2024-01-10,34,0.88,6
525,193c8j4,Israel ‚ÄòDoes Our Dirty Bidding‚Äô Abroad - Presidential Candidate Claudia de la Cruz (The Katie Halper Show),Prudent_Bug_1350,2024-01-10,78,0.95,6
526,193bc5g,"Confiscations and demolitions in the West Bank, AGAIN!",Elon-Zusk,2024-01-10,80,0.96,2
527,1936jwy,Cornel West calls on all people of moral conscience to join the March on DC for Palestinians on Saturday Jan 13th. For more information and a list of buses departing from around the country go to march4gaza.org,begaldroft,2024-01-10,138,0.96,2
528,193hd8v,"Hisham's Palace is located in Palestine, 5 kilometers north of the city of Jericho, and is considered one of the most important tourist attractions in Palestine. The palace built by the Umayyad Caliph Hisham bin Abdul Malik in the year 724-743 AD and Al-Walid bin Yazid in 743-744 AD was the headquar",besan21,2024-01-10,33,0.94,1
529,1936zmi,"Abdallah was in her home with her family in Khan Younis in the southern Gaza Strip when an Israeli aircraft bombed their home, killing everyone inside. Putting the number of killed journalists at 113.",ABlack2077,2024-01-10,107,0.96,4
530,193ae33,Law for Palestine Releases Database with 500+ Instances of Israeli Incitement to Genocide ‚Äì Continuously Updated,GrImPiL_Sama,2024-01-10,57,0.95,2
531,1938dwc,From Idlib to Gaza,NanoH02,2024-01-10,73,0.93,2
532,192y1qv,This is a little skit I do where I tell conservative men history. I hope you like it.,Lets_Not_Date,2024-01-10,484,0.95,72
533,193a4du,Max Blumenthal discuss his explosive reporting on the evidentiary failures of the New York Times' story on sexual violence on October 7th.,Nati_Hell,2024-01-10,51,0.93,4
534,193bv3t,Gaza: MSF condemns strike on shelter that killed staff member‚Äôs five-year-old daughter,irish_fellow_nyc,2024-01-10,38,0.95,1
535,192u2mr,Khan Academy couldn‚Äôt say Palestine?,GroovyIndianMan,2024-01-10,640,0.97,20
536,193dt7u,We Are Palestine - An hour of Palestinian music I thought you may enjoy.,arts_hole,2024-01-10,26,0.91,1
537,193cp2l,"Victor Ostrovsky, a former Mossad agent, exposed the systematic weaponization of antisemitism.",devilmaydostuff5,2024-01-10,28,0.92,1
538,193exg6,US for and against genocide?,Getoff-my_8allz,2024-01-10,18,0.88,4
539,193b4b3,Palestinian Youth Movement Leader Interview,Impressive_Scheme_53,2024-01-10,30,0.92,1
540,192ylz7,"Without hunger and thirst, they csnt get collaborators, yeah this is isreal",didly66,2024-01-10,256,0.97,16
541,192s4cu,"Today 9 Jan 2024, BBC main page didn't have a single news about the conflict and genocide that's happening. From top to bottom.",Alsharefee,2024-01-09,566,0.97,28
542,192niqt,IDF vehicle runs over Palestinian man in Tulkarem last night,dcasta123,2024-01-09,1002,0.96,86
543,193bdn4,"Video appears to show the Israeli army shot 3 Palestinians, killing 1, without provocation",Passervore,2024-01-10,24,0.96,1
544,192w77b,San Francisco just became the biggest city in the country to pass a resolution calling for a ceasefire in Gaza.,FroggstarDelicious,2024-01-10,295,0.96,5
545,192xm9h,January 13th a day to stand together,Sea_Imagination_4687,2024-01-10,156,0.96,3
546,1932cbg,Insane RPG hit on moving IDF vehicle ,TiredYak,2024-01-10,71,0.9,3
547,19320ys,Big protest this weekend in DC. Keep up the momentum.,,2024-01-10,76,0.85,2
548,1932ees,"Israel is Terrified the World Court will Decide it's Committing Genocide, by Marjorie Cohn",RollyMcPolly,2024-01-10,58,0.96,6
549,192n0r8,Tottenham Caller on Israeli War Crimes - PART 2,AfricanStream,2024-01-09,414,0.98,21
550,192q9b1,"New York Protest in 1960 while the Algerian War, same senario with Palestine inshallah",AmaraMehdi,2024-01-09,277,0.98,9
551,193fj37,"Studio mixes for all 20 tracks for the new album, Notes From A Holocaust, are now done. There will be some minor tweaks still in the mastering process, but the MP3's in this playlist are basically the new album. Song order is as they were written.",davidrovics,2024-01-10,5,0.78,1
552,1937amv,The West will stand in the dock alongside Israel at the genocide court,Secret-Account-1682,2024-01-10,16,0.86,2
553,192ccmy,Are these fake accounts made by Israelis claiming to be Muslims?,S4h1l_4l1,2024-01-09,1304,0.95,280
554,192xt4i,Eisenhower Reveals His 1957 Aims to Penalize Israel on Sinai Issue - Jewish Telegraphic Agency,Artistic-Vanilla-899,2024-01-10,72,0.98,5
555,1932806,The Settlers,Impressive_Scheme_53,2024-01-10,34,0.95,8
556,192ijx8,Starmer gets opposition for opposing cease fire,toTheMoon1Dollar,2024-01-09,463,0.98,12
557,192j0t7,Environmental engineer talks about the impact Israel's bombing will have on the environment,AshlynSilverstream,2024-01-09,342,0.93,16
558,192hkio,Solidarity from a fellow Jew,Technical_Onion_744,2024-01-09,397,0.96,33
559,192hr95,Biden is no different than Trump | Opinions,Si_Vis_Pacem-,2024-01-09,330,0.89,130
560,192qqw0,Israel top court rejects foreign media appeal for journalists‚Äô access to Gaza,Dry-Professional-BER,2024-01-09,100,0.99,7
561,192zsoi,Please help me understand this,Szublimat,2024-01-10,21,0.66,40
562,192moxp,"Palestine Solidarity March in Calgary, Alberta on 5th Ave",soapsuds202,2024-01-09,140,0.92,3
563,1930jjd,There is now a website where you can directly submit evidence of Israeli war crimes to the ICC (International Crime Court).,Mc_N99,2024-01-10,22,1.0,2
564,192c92a,AnsarAllah(Houtis) spokesperson on TV,postwardreamsonacid,2024-01-09,580,0.97,53
565,1927udw,Pro Palestine supporters arrested protesting Biden outside Airport,Prudent_Bug_1350,2024-01-09,1331,0.97,69
566,192y7k6,I‚Äôm scared-what are our chances of winning The Hague?,N0tT0daySatan1,2024-01-10,24,0.9,63
567,192udgi,Causing serious bodily and mental harm,Inominada,2024-01-10,40,0.93,1
568,192d3i2,5 am update: Detained protesters released!! - Pro Palestine supporters protesting Biden outside Dallas Love Field Airport released. Original Video Source / updates from the accounts @livinlanidaloca and @iampalipina on Instagram.,Prudent_Bug_1350,2024-01-09,307,0.95,13
569,192z54y,Venture Capital Fuels U.S. Military Support For Israel,Mynameis__--__,2024-01-10,15,0.86,2
570,192h7i3,"Pro-Palestine Graffiti in solidarity spotted in Washington, DC",dreamtaboutit,2024-01-09,157,0.94,6
571,192hlum,Israeli settlers graze cattle herd in cultivated Palestinian fields and trample crops with ATV.,Elon-Zusk,2024-01-09,138,0.95,13
572,192n9e4,"Chad, DRC, Rwanda deny talks with Israel on Gaza displaced | ""Our commitment to the fundamental principles of international law prohibits any agreement to displace individuals from Gaza or participation in such actions, as it would constitute a violation of these rights‚Äù",ExtHD,2024-01-09,68,0.96,4
573,192u3fz,ADL FINALLY Realizing Zionism HURTS American Jews,Mynameis__--__,2024-01-10,30,0.94,5
574,192mpqq,"Hundreds of NYC activists shut down the Manhattan, Brooklyn, and Williamsburg bridges as well as the Holland tunnel to stop business as usual and protest US financing and support for Israel's genocide",Lilyo,2024-01-09,60,0.91,1
575,192mtwm,The US-Israeli war on journalists. Israel‚Äôs aim is to prevent the world from learning of the crimes it is inflicting every single day upon the Palestinian people by systematically murdering and intimidating the press.,DrogDrill,2024-01-09,52,0.93,1
576,192apvj,A reminder that Haaretz is supposed to be on the left ü§∑‚Äç‚ôÇÔ∏è,hunegypt,2024-01-09,321,0.98,25
577,192g1ci,"'The same tax dollars that they say are too little to be able to fund our needs, to
be able to improve housing, to be able to pay for healthcare -- there's never
enough. But when it comes to the war machine, they can't give enough.' - Karina
Garcia",isawasin,2024-01-09,116,0.92,2
578,192qu5o,New York Times' Hamas Sexual Assault Story FALLS APART,Kant2050,2024-01-09,28,0.81,2
579,1925rd6,US Zionist Lobby calls for ceasefire.,maubyfizzz,2024-01-09,671,0.98,99
580,192qsj2,"Been thinking about this for months....putting it into terms white Americans will understand. As of January 2024, the bombing of Gaza has killed an equivalent to 7.4 September 11ths. 2-3 of these attacks would be if the towers were filled only with infants and children. Praying for peace and safety",witchwaytotheforest,2024-01-09,27,1.0,2
581,192fa5r,Israel‚Äôs Gaza war leads to a massacre of journalists,CollisionResistance,2024-01-09,109,0.94,3
582,1926tzi,Be courageous. Speak up.,FroggstarDelicious,2024-01-09,499,0.95,17
583,192hsbm,Emissions from Israel‚Äôs war in Gaza have ‚Äòimmense‚Äô effect on climate catastrophe - Almost half the total CO2 emissions were down to US cargo planes flying military supplies to Israel.,hunegypt,2024-01-09,65,0.92,1
584,19206nb,"Biden gets interrupted in Charleston, SC by Pro Palestine protestors.",,2024-01-08,1211,0.97,93
585,192tqlj,Civil War & More Slaughter: Knesset Member Dr. Ofer Cassif,Mynameis__--__,2024-01-09,12,0.88,1
586,192p3gx,"Haifa missile strike by Iraqi resistance shows how fragile Israeli regime is | In yet another significant act of solidarity with the people of Gaza, the Islamic Resistance in Iraq on Sunday struck ""a vital target in occupied Haifa"" with an advanced long-range cruise missile",ExtHD,2024-01-09,23,0.85,2
587,192nw72,Occupation Underpins Class Inequality for Israelis & Palestinians,Mynameis__--__,2024-01-09,21,0.9,1
588,192reu1,Kofia: A Revolution Through Music/ Leve Palestina group,lullubye,2024-01-09,13,0.89,1
589,191ydii,The wheels are coming off the bus!!,heidjuk,2024-01-08,958,0.99,54
590,192mp6h,Israeli Politician BACKS Genocide Charges,Dry-Professional-BER,2024-01-09,22,0.92,1
591,19280ff,"Almog Boker, Channel 13 reporter, casually mentions that all the schools in the Gaza Envelope region are used during the war to house IDF soldiers and store weapons. So, tell me again, what was it you and other Israeli officials said about using schools for military purposes?",hunegypt,2024-01-09,198,0.96,5
592,192g3op,Ceasefire protesters interrupt Biden campaign speech at South Carolina church,DrogDrill,2024-01-09,43,0.96,1
593,191lmk9,IOF shoots directly a Palestinian women with walking with a kid holding a white flag in Gaza. ,new-footage-guy,2024-01-08,4032,0.9,503
594,192rmzt,Boycottable.org: A new website for creating a crowdsourced database of companies associated with Israel.,CompSciGuy11235,2024-01-09,9,1.0,6
595,192hi8p,Confiscations and Demolitions in the South Hebron Hills.,Elon-Zusk,2024-01-09,29,0.92,2
596,192f9kl,"For Fleeing Palestinians, Gaza Has Shrunk‚Äîby Two-Thirds",CollisionResistance,2024-01-09,43,0.98,2
597,191zwxh,Little kids are dying from heart attacks,Hasu_Kay,2024-01-08,560,0.98,31
598,192lsl2,"(Colorized) Ramallah women doinig embroidery, 1940s - Ramallah, Palestine. Original photo link in caption and comments",ahmed_sarta123,2024-01-09,18,1.0,1
599,192hj3t,"REPEATED demolitions in Khirbet Humsah al-Foqa, northern Jordan Valley.",Elon-Zusk,2024-01-09,28,0.97,2
600,191xbnq,Norman Finkelstein analysis and predictions on South Africa's ICJ case regarding genocide allegations against Israel.,ACloseCaller,2024-01-08,673,0.98,39
601,192hx63,Pictures of home,thornynhorny,2024-01-09,23,0.97,3
602,192ih2k,"Sat., Jan. 13th | March on D.C. For Gaza ceasefirenow",4mystuff,2024-01-09,23,1.0,1
603,191vpi8,Sydney man vows to continue flying Palestinian flag despite 'terrifying' bomb threat,ThrowAway5NF8WA1LCr,2024-01-08,779,0.98,30
604,192bxaq,"A ""drone"" plane was found that had crashed in the Tubas Plain a short while ago",Ok_Count_3237,2024-01-09,60,0.99,4
605,192tu3g,There is a historic Black-Palestinian solidarity that has existed for decades that Pro Palestinians need to reawaken to advance the cause of Palestinian liberation.,Anglicanpolitics123,2024-01-09,5,0.78,1
606,192dqdn,Aharon Barak: Israel's judge at the ICJ who 'legitimised occupation',isawasin,2024-01-09,35,0.92,5
607,192hwud,South Africa's case against Israel - Read in full,Key6021,2024-01-09,19,0.95,1
608,192dp5o,NYC protesters continue to cause major disruptions.,Current_Country_,2024-01-09,35,0.95,1
609,191nj7y,"Excellent idea, Israel",nagidon,2024-01-08,1609,0.98,248
610,192d7px,"Iraqi resistance group claims Haifa missile strike, warns Israel of more crippling attacks",Aware_Development553,2024-01-09,28,0.9,1
611,192gw1r,Haifa missile strike by Iraqi resistance shows how fragile Israeli regime is,JungBag,2024-01-09,16,0.91,2
612,191wxdv,"In MSNBC Farewell, Mehdi Hasan Honors Palestinian Journalists Killed by Israel",CollisionResistance,2024-01-08,385,0.99,8
613,192ki69,Exclusive Interview with Popular Front for the Liberation of Palestine Leader,Yakel1,2024-01-09,9,0.92,1
614,1922sxx,"In a highly coordinated effort this morning, pro Palestine protestors in NYC block bridges and tunnels throughout Manhattan during rush hour, demanding a stop to the siege and bombing of Gaza.",,2024-01-09,144,0.92,11
615,191who7,"To Defend Israel as 'Moral Society,' Knesset Member Backs South Africa's ICJ Genocide Case",CollisionResistance,2024-01-08,316,0.99,19
616,191qiig,ICC to Hear South Africa's Genocide Case Against Israel,AfricanStream,2024-01-08,587,0.98,29
617,19207jh,"Israel Accused of Attempting to Intimidate Judges in World Court Genocide Case | ""Israel is pressing others to denounce the case in the hope of persuading the International Court of Justice to decide based on politics rather than the facts""",ExtHD,2024-01-08,175,0.97,6
618,1922x10,China's COSCO halts shipping to Israeli ports | Yemen's Ansarallah-led government has attacked ships headed to Israeli ports in response to Israel's brutal war on Gaza,ExtHD,2024-01-09,118,0.98,8
619,192ehv7,There is no ‚Äòpropaganda war‚Äô,Environmental-Ruin56,2024-01-09,14,0.77,6
620,192bbzi,There Was an Iron Wall in Gaza - standout article - long read,Yakel1,2024-01-09,24,1.0,1
621,1929a87,"'If I Must Die, Let It Be a Tale': On the Martyrdom of Palestinian Poet Refaat Alareer",Fit_Dog_123,2024-01-09,36,0.93,1
622,1926rra,Norman Finkelstein debunks Sam Harris‚Äôs Islamophobic screed,sanriver12,2024-01-09,55,0.98,13
623,191rl7l,"""We are coming back""",Huge-Jellyfish9948,2024-01-08,408,0.96,6
624,191qm2z,"Israeli Minister of Finance Bezalel Smotrich referred to Palestinians in Gaza and the West Bank as ""Nazis"" in an interview on an Israeli channel, yesterday night.",hunegypt,2024-01-08,448,0.97,41
625,191s824,Hundreds of thousands of Israelis unemployed as war intensifies,n0ahbody,2024-01-08,270,0.99,38
626,191uglq,It's not complicated. This is an actual Star Wars quote. Israel is literally using the playbook of an evil movie villain.,SonsOfAgar,2024-01-08,206,0.98,4
627,191z634,"A beautiful and extremely relevant press release from Yemen that at least everyone in the US and the UK should read, so they understand the nature of the conflict their governments are so enthusiastically getting involved with.",davidrovics,2024-01-08,91,0.97,4
628,191fdqg,"""Again""?.. Gaza stood when israel didn't even exist. How are they so hateful?",SapienMystique,2024-01-08,1523,0.94,200
629,19264qe,Heartfelt thank you to Palestinians,SonoftheBlud,2024-01-09,26,0.94,5
630,191ipvt,feels like the world is finally waking up to the racist brutality of israel,tubaintothewildfern,2024-01-08,611,0.99,24
631,191y65x,"UK protesters demonstrate at weapons factories and demand ‚ÄúStop Arming Genocide."" For the past months, in the absence of any opposition by the trade unions, demonstrations and protests have been taking place across Britain aimed at preventing the exports of weaponry and weapon parts to Israel",DrogDrill,2024-01-08,74,0.99,1
632,191nchn,The US Is Dealing With an Israeli Leader Who‚Äôs Losing Control,MooreThird,2024-01-08,212,0.99,13
633,191wzdv,"After killing one of the 3 Palestinian lads in Tulkarm, the Israeli enemy drove over his body",sabbah,2024-01-08,59,0.95,6
634,192693z,Israel readies political blitz to 'quash' genocide case at IC,gnojjong,2024-01-09,14,0.94,2
635,191ojo6,Remember when they said that they are hiding in the North then they said that they are hiding under Al-Shifa Hospital then it was Khan Younis and now it‚Äôs central Gaza?,hunegypt,2024-01-08,147,0.97,9
636,191tsk9,More than 300 British artists demand Turner Contemporary take stand against ‚Äúongoing genocide in Gaza‚Äù,DrogDrill,2024-01-08,63,0.96,1
637,191eryq,"Older than your ""sate""",fernlop567,2024-01-08,632,0.94,44
638,191gget,Bolivia is the first Latin American country to endorse South Africa‚Äôs ICJ case against Israel for genocide of Palestinians in Gaza.,hunegypt,2024-01-08,407,0.98,21
639,191nhzu,"Israeli occupation demolishing confiscates tents and other donated items, AGAIN!!",Elon-Zusk,2024-01-08,111,0.97,4
640,192412i,Notes for Susan Abulhawa's lecture.,Thesomalwanderer,2024-01-09,14,1.0,1
641,191ngnr,Israeli occupation demolishing a Palestinian family house.,Elon-Zusk,2024-01-08,85,0.96,2
642,191997a,Why is Germany so viciously anti-Palestinian?,SempreVoltareiReddit,2024-01-08,905,0.95,176
643,191p9zq,Widespread protests across the Pacific call for ceasefire in Gaza,exgalactic,2024-01-08,53,0.95,1
644,191ll3n,Israel admits deliberately targeting journalists in strike that killed son of Al Jazeera bureau chief,DrogDrill,2024-01-08,88,0.96,2
645,191deom,India released a commemorative stamp in honour of the people of Palestine in 1981,w1560m,2024-01-08,416,0.97,21
646,1920duf,Anti-war protesters interrupt Biden's campaign speech | DW News,Joonam_s2,2024-01-09,16,0.95,1
647,191gczv,This has always been about the ethnic cleansing of Palestinians.,devilmaydostuff5,2024-01-08,234,0.98,7
648,19129if,Daughter of killed Palestinian Islamic Jihad leader speaks out,Elon-Zusk,2024-01-07,1866,0.91,263
649,191wgwt,The long history of Zionist proposals to ethnically cleanse the Gaza Strip,Lamont-Cranston,2024-01-08,21,0.92,1
650,191gx6x,"Don't forget that Israel has been doing this for its entire existence. Oct 7, Black September, Munich, flight 181, these all happened because this was happening & ""the world"" did nothing. How you use your voice when the bombs stop & the news tells you you can move on matters as much as right now.",wild_orca,2024-01-08,150,0.95,2
651,1912wae,Not even cats are spared from the terrorism of zionists,jo_nore_mews,2024-01-07,1142,0.96,150
652,191hrk2,The genocide happening now in Gaza is intentional and undeniable.,FromNewAngles,2024-01-08,107,0.96,5
653,191phcv,Seeking info on impact of occupation on Palestinian musical heritage,Popular_Magazine_714,2024-01-08,24,0.96,6
654,191nz1z,Understanding South Africa‚Äôs Case Against Israel,Mynameis__--__,2024-01-08,28,0.97,1
655,1918hm0,Israel Is Terrified the World Court Will Decide It‚Äôs Committing Genocide,_makoccino_,2024-01-08,384,0.98,80
656,191ogl4,Rate Community Notes on Twitter to protect the voices from Palestinians from Zionists trying to shut them.,Scared_One4088,2024-01-08,26,0.96,1
657,190tmn3,"Another day, another massacre. This world is seriously devoid of any morality and it will pay for its complicity ",mimiparkerisqueen,2024-01-07,2538,0.92,161
658,1914e04,The tears of innocence - Little girl shares her trauma for evacuating her house ,toTheMoon1Dollar,2024-01-07,543,0.97,33
659,191llkc,Proud Arab-Jewish Professor Destroys Israel's Myths - w/ Prof. Avi Shlaim,EnterTamed,2024-01-08,28,0.92,1
660,191r4li,Stand-With-Palestine Promo Video,EssamWisam,2024-01-08,14,1.0,1
661,191sckj,Inconsistencies Between Arabic and English Broadcast Programming: Al Jazeera Walks a Tightrope,n0ahbody,2024-01-08,9,0.74,5
662,1912hum,BBC News is a joke,OutsideMeal,2024-01-07,481,0.98,18
663,191krho,A rational analysis of why Arab states don't stand up for Palestine.,Milchstrasse94,2024-01-08,23,0.83,25
664,190wbey,"I couldn't find anything study linking crows with flags of any kind, that was kind of exceptional.",Elon-Zusk,2024-01-07,931,0.97,146
665,191mex8,Who are Yemen's 'Houthis'? Why are they attacking Israel-bound ships in Red Sea?,EnterTamed,2024-01-08,16,0.83,1
666,18novto,BDS Belfast were out last night again removing israeli goods from the shelves in LiDL,RedMenace-1798,2023-12-21,1102,0.94,45
